metric_id,instance_id,timestamp,cpu_percent,mem_percent,disk_read_mb,disk_write_mb,net_recv_kb,net_sent_kb
1,my-windows-pc,2026-05-09 16:01:39.66313+05:30,87.7,77.5,0.0431,0.0818,0.1123,0.1362
2,my-windows-pc,2026-05-09 16:02:09.852871+05:30,80.8,79,1.7598,0.2059,5.6119,0.805
3,my-windows-pc,2026-05-09 16:02:40.390506+05:30,87.9,79.1,0.1532,0.3827,0.0725,0.1315
4,my-windows-pc,2026-05-09 16:03:13.030933+05:30,100,88.5,6.3269,5.3988,1838.4407,16.3959
5,my-windows-pc,2026-05-09 16:03:43.274677+05:30,74,87,1.8574,3.0285,1434.0503,18.9517
6,my-windows-pc,2026-05-09 16:04:13.395534+05:30,10.2,81.1,0.1125,0.1791,0.2074,0.1201
7,my-windows-pc,2026-05-09 16:04:43.841088+05:30,15.8,81.2,0.1017,0.0866,0.2445,0.1487
8,my-windows-pc,2026-05-09 16:05:14.19402+05:30,25.7,84.5,0.1644,0.0578,55.9498,2.3871
9,my-windows-pc,2026-05-09 16:05:44.411694+05:30,28,83.5,0.2286,0.4762,27.9143,1.6921
10,my-windows-pc,2026-05-09 16:06:14.550945+05:30,80.7,85.7,0.2275,0.2509,4.9435,0.7573
11,my-windows-pc,2026-05-09 16:06:44.775674+05:30,95.1,91.7,2.4563,1.6468,3.7752,2.6677
12,my-windows-pc,2026-05-09 16:07:14.980269+05:30,92.2,85,1.533,4.3365,1.8399,0.287
13,my-windows-pc,2026-05-09 16:07:45.28003+05:30,92.7,90.6,3.7192,1.2912,0.1405,0.1447
14,my-windows-pc,2026-05-09 16:08:15.40385+05:30,77.7,87.6,3.2203,1.905,1.3961,0.3444
15,my-windows-pc,2026-05-09 16:08:45.542687+05:30,40.6,88.2,0.0642,0.3817,0.5859,0.1628
16,my-windows-pc,2026-05-09 16:09:15.666283+05:30,51.2,86.6,4.3495,0.3993,0.0443,0.0579
17,my-windows-pc,2026-05-09 16:09:45.797027+05:30,45,88.5,0.0499,0.3729,0.1737,0.4183
18,my-windows-pc,2026-05-09 16:10:15.993747+05:30,46.3,88.2,0.0416,0.4025,0.7365,0.3056
19,my-windows-pc,2026-05-09 16:10:46.134658+05:30,37.2,87.4,13.3405,0.7612,0.1556,0.1641
20,my-windows-pc,2026-05-09 16:11:16.296663+05:30,29.9,82.5,0.6367,1.7987,0.0345,0.0505
21,my-windows-pc,2026-05-09 16:11:46.437264+05:30,46,83.6,0.1419,0.3999,0.142,0.1839
22,my-windows-pc,2026-05-09 16:12:16.567+05:30,32.9,83.3,0.0447,0.3976,0.6507,0.1836
23,my-windows-pc,2026-05-09 16:12:46.763411+05:30,32.1,82.8,0.3117,0.7351,0.0831,0.1536
24,my-windows-pc,2026-05-09 16:13:17.377317+05:30,41.2,83.7,0.5524,0.3975,5.1728,0.5605
25,my-windows-pc,2026-05-09 16:13:47.512049+05:30,82,85.9,0.3796,0.6877,5.6888,1.2567
26,my-windows-pc,2026-05-09 16:14:17.65894+05:30,73.3,85.8,0.0546,0.3806,0.069,0.2897
27,my-windows-pc,2026-05-09 16:14:47.824037+05:30,72.2,87.2,0.0504,0.3636,0.2702,0.3912
28,my-windows-pc,2026-05-09 16:15:18.922369+05:30,75.3,87.4,0.1575,0.3701,0.3453,0.7273
29,my-windows-pc,2026-05-09 16:15:49.152759+05:30,80.8,87.6,0.993,0.5206,0.9253,1.3314
30,my-windows-pc,2026-05-09 16:16:19.36115+05:30,79.8,85.3,0.1313,1.4953,4.8061,0.4847
31,my-windows-pc,2026-05-09 16:16:49.524855+05:30,78.4,85.3,0.1144,0.378,0.1259,0.1689
32,my-windows-pc,2026-05-09 16:17:19.663687+05:30,78,86.1,0.761,0.7155,0.4394,0.49
33,my-windows-pc,2026-05-09 16:17:49.806851+05:30,80.5,83.3,0.5398,0.3969,2.611,1.0387
34,my-windows-pc,2026-05-09 16:18:19.941095+05:30,79.4,85.1,0.4962,0.5856,5.2201,1.0073
35,my-windows-pc,2026-05-09 16:18:50.48596+05:30,61.5,87.7,2.9171,0.5679,1.6877,1.2983
36,my-windows-pc,2026-05-09 16:19:21.260786+05:30,99.4,92.1,12.6467,3.7296,6.3081,2.1214
37,my-windows-pc,2026-05-09 16:19:51.455167+05:30,96.4,86.9,8.6919,6.6246,6.2388,48.3147
38,my-windows-pc,2026-05-09 16:20:24.749277+05:30,87,92.2,5.3404,0.8557,8.0545,9.5713
39,my-windows-pc,2026-05-09 16:20:59.046061+05:30,98.4,94.2,11.9506,2.1675,11.5719,6.3627
40,my-windows-pc,2026-05-09 16:21:29.635061+05:30,100,92.9,7.2874,6.786,6.6883,7.9406
41,my-windows-pc,2026-05-09 16:22:00.402949+05:30,99.9,91.8,9.4145,6.1648,0.9688,1.1862
42,my-windows-pc,2026-05-09 16:22:30.632419+05:30,81.5,86.9,9.0372,7.561,3.0203,1.1705
43,my-windows-pc,2026-05-09 16:23:00.802155+05:30,62.5,88.3,2.6163,1.4423,1.1589,1.5429
44,my-windows-pc,2026-05-09 16:23:30.950903+05:30,70.1,89.1,2.652,0.5925,6.2182,1.1998
45,my-windows-pc,2026-05-09 16:24:01.098821+05:30,85.9,83.8,2.0523,2.0438,0.2152,0.1432
46,my-windows-pc,2026-05-09 16:24:31.231313+05:30,83,84.8,0.5746,0.066,2.7252,0.2062
47,my-windows-pc,2026-05-09 16:25:01.370741+05:30,52.2,82.5,1.0482,0.4417,0.0775,0.1357
48,my-windows-pc,2026-05-09 16:25:31.500954+05:30,37.4,82.2,0.4632,0.4362,0.5376,0.6334
49,my-windows-pc,2026-05-09 16:26:01.663409+05:30,45.2,82.7,0.1349,0.1218,0.0983,0.1512
50,my-windows-pc,2026-05-09 16:26:31.881919+05:30,74.2,82,1.0513,0.0789,0.438,0.1447
51,my-windows-pc,2026-05-09 16:27:02.515129+05:30,67.4,84.5,1.1211,1.2943,0.9393,0.5388
52,my-windows-pc,2026-05-09 16:27:32.675661+05:30,79.3,86.9,1.6549,0.1468,9.2363,21.1709
53,my-windows-pc,2026-05-09 16:28:02.8028+05:30,87.3,90.5,4.4529,2.5462,1.1676,1.1429
54,my-windows-pc,2026-05-09 16:28:32.982251+05:30,46.2,91.1,1.3817,0.4578,0.0711,0.0818
55,my-windows-pc,2026-05-09 16:29:03.110472+05:30,45,90.7,0.7751,0.396,0.2196,0.3833
56,my-windows-pc,2026-05-09 16:29:33.223121+05:30,42.8,90.9,0.1541,0.5369,3.1798,1.4502
57,my-windows-pc,2026-05-09 16:30:03.338923+05:30,43.5,89.7,0.7883,0.0488,0.12,0.3083
58,my-windows-pc,2026-05-09 16:30:33.466735+05:30,42.9,89.9,0.1055,0.3753,0.2557,0.3902
59,my-windows-pc,2026-05-09 16:31:03.598557+05:30,38.3,88.3,1.0781,3.1925,0.031,0.0506
60,my-windows-pc,2026-05-09 16:31:34.069015+05:30,30.6,88,0.173,0.354,0.0917,0.1656
61,my-windows-pc,2026-05-09 16:32:04.903565+05:30,33.7,85.4,1.5748,1.0387,0.0465,0.0458
62,my-windows-pc,2026-05-09 16:32:35.026886+05:30,27.7,82.5,0.1448,2.055,0.2433,0.2594
63,my-windows-pc,2026-05-09 16:33:05.171882+05:30,27.6,80.7,0.1246,0.3819,0.4664,0.0524
64,my-windows-pc,2026-05-09 16:33:35.293532+05:30,26.6,80.3,0.1002,0.428,0.1247,0.4035
65,my-windows-pc,2026-05-09 16:34:05.423392+05:30,34,82.3,0.5152,0.8176,3.6976,0.6264
66,my-windows-pc,2026-05-09 16:34:35.5422+05:30,31.2,84,0.4158,0.3794,2.8045,0.3606
67,my-windows-pc,2026-05-09 16:35:05.797379+05:30,77.6,88.2,1.4811,0.701,14.1683,3.6734
68,my-windows-pc,2026-05-09 16:35:35.912482+05:30,73.1,88.2,0.1751,0.3805,0.3644,0.3578
69,my-windows-pc,2026-05-09 16:36:06.772631+05:30,64.4,92.5,1.4909,1.9336,3.4141,5.3717
70,my-windows-pc,2026-05-09 16:36:36.974802+05:30,69.3,87.9,2.0307,4.5356,6.5077,3.2873
71,my-windows-pc,2026-05-09 16:37:07.186931+05:30,46,82.3,1.5278,2.5903,1.0849,1.3371
72,my-windows-pc,2026-05-09 16:37:37.456048+05:30,43.4,83.9,0.4336,0.483,0.4114,0.4778
73,my-windows-pc,2026-05-09 16:38:07.578803+05:30,44.4,82.7,0.2965,2.9707,1.5534,0.2723
74,my-windows-pc,2026-05-09 16:38:37.693838+05:30,28.1,82.3,0.0702,0.369,0.3809,1.0031
75,my-windows-pc,2026-05-09 16:39:07.858915+05:30,28.2,82.8,0.2855,0.0369,0.0608,0.271
76,my-windows-pc,2026-05-09 16:39:38.141158+05:30,54.6,83.1,0.2334,1.0976,3.0089,0.9014
77,my-windows-pc,2026-05-09 16:40:08.27446+05:30,75.5,85.8,0.7574,0.2505,5.1583,0.7876
78,my-windows-pc,2026-05-09 16:40:38.441523+05:30,77.3,85.8,0.0688,0.3675,0.0892,0.3827
79,my-windows-pc,2026-05-09 16:41:08.585315+05:30,75.1,84,0.1009,0.4481,0.06,0.2774
80,my-windows-pc,2026-05-09 16:41:38.740291+05:30,75,84.6,0.3328,0.3588,0.1153,0.3932
81,my-windows-pc,2026-05-09 16:42:08.880755+05:30,47.9,81.3,0.2074,0.7525,0.7017,0.5728
82,my-windows-pc,2026-05-09 16:42:39.443772+05:30,24,81.2,0.0303,0.3698,0.0774,0.1552
83,my-windows-pc,2026-05-09 16:43:09.569265+05:30,22.5,80.5,0.0724,0.6998,0.6828,0.2675
84,my-windows-pc,2026-05-09 16:43:39.712653+05:30,45.5,81.6,0.7395,0.7085,0.7029,0.5929
85,my-windows-pc,2026-05-09 16:44:09.84416+05:30,30.9,80.8,0.1593,0.3965,0.2048,0.0944
86,my-windows-pc,2026-05-09 16:44:39.973328+05:30,27.7,80.7,0.0324,0.3559,2.5375,0.5976
87,my-windows-pc,2026-05-09 16:45:10.113394+05:30,25.8,81,0.036,0.4307,0.1617,0.056
88,my-windows-pc,2026-05-09 16:45:40.255613+05:30,29.2,81.1,0.0362,0.3633,0.383,0.2319
89,my-windows-pc,2026-05-09 16:46:10.374856+05:30,24.6,82.5,0.3256,0.3845,0.121,0.0915
90,my-windows-pc,2026-05-09 16:46:40.512744+05:30,27.2,81.9,0.1106,0.3607,0.1297,0.1743
91,my-windows-pc,2026-05-09 16:47:10.634842+05:30,29.5,79.1,0.5815,0.4883,0.3897,0.1641
92,my-windows-pc,2026-05-09 16:47:41.20302+05:30,37.5,84.7,4.1809,0.4348,31.9534,2.3849
93,my-windows-pc,2026-05-09 16:48:11.966407+05:30,72,87.5,2.4429,5.3138,31.0501,8.4721
94,my-windows-pc,2026-05-09 16:48:42.117003+05:30,87.8,82.9,2.0707,4.1369,16.0407,5.7381
95,my-windows-pc,2026-05-09 16:49:12.264224+05:30,72.4,84,1.7169,0.4729,7.0134,0.8016
96,my-windows-pc,2026-05-09 16:49:42.481934+05:30,72.7,85.4,0.2051,0.5301,8.2057,1.3437
97,my-windows-pc,2026-05-09 16:50:12.650319+05:30,80.4,84.8,1.3102,0.5073,1.3983,0.5977
98,my-windows-pc,2026-05-09 16:50:42.797121+05:30,75.2,85,0.3012,0.4632,1.0155,0.4007
99,my-windows-pc,2026-05-09 16:51:12.928266+05:30,66.9,82.5,0.216,0.3615,0.8356,0.4791
100,my-windows-pc,2026-05-09 16:51:43.162032+05:30,78.8,87.9,0.6651,2,2.1576,0.9256
101,my-windows-pc,2026-05-09 16:52:13.289667+05:30,80.6,79.2,0.1791,2.5393,4.8957,0.5532
102,my-windows-pc,2026-05-09 16:52:43.428757+05:30,75,77.6,0.1149,3.3499,0.0989,0.3915
103,my-windows-pc,2026-05-09 16:53:13.601078+05:30,75.4,74.8,0.1277,0.7098,0.7441,0.4771
104,my-windows-pc,2026-05-09 16:53:43.764365+05:30,78,75.9,3.8512,0.373,0.1425,0.407
105,my-windows-pc,2026-05-09 16:54:13.922752+05:30,73.7,75.6,0.3349,0.402,0.0794,0.3002
106,my-windows-pc,2026-05-09 16:54:44.079783+05:30,74.8,76,0.1254,0.4282,2.7857,0.3668
107,my-windows-pc,2026-05-09 16:55:14.213322+05:30,72.9,75.6,0.1205,0.3721,0.1964,0.3033
108,my-windows-pc,2026-05-09 16:55:44.332432+05:30,76.2,76.7,0.5123,0.4212,0.1082,0.1738
109,my-windows-pc,2026-05-09 16:56:14.466343+05:30,74.5,75.2,0.0712,0.4176,0.0617,0.0792
110,my-windows-pc,2026-05-09 16:56:44.926036+05:30,91.4,85.2,3.9665,2.4995,122.4457,35.192
111,my-windows-pc,2026-05-09 16:57:15.078884+05:30,65.5,82.1,2.3579,1.9777,86.5104,50.8956
112,my-windows-pc,2026-05-09 16:57:45.187645+05:30,37.5,83.1,0.6931,0.9393,25.279,31.8192
113,my-windows-pc,2026-05-09 16:58:15.331977+05:30,63.9,80.9,0.4329,2.4446,8.3529,15.5475
114,my-windows-pc,2026-05-09 16:58:45.463395+05:30,38.7,81.3,0.0729,0.7977,0.4219,2.9171
115,my-windows-pc,2026-05-09 16:59:15.579025+05:30,36.8,81.2,0.0989,0.3777,0.2398,0.7288
116,my-windows-pc,2026-05-09 16:59:45.716796+05:30,30.9,81.6,0.1055,0.0515,2.9478,0.8958
117,my-windows-pc,2026-05-09 17:00:15.943489+05:30,63.6,87.5,25.3701,0.445,0.3788,0.9746
118,my-windows-pc,2026-05-09 17:00:46.19333+05:30,54.9,84.5,1.0639,2.1166,5.783,9.269
119,my-windows-pc,2026-05-09 17:01:16.352428+05:30,60.2,86.3,0.3728,0.376,3.0919,5.1626
120,my-windows-pc,2026-05-09 17:01:46.513272+05:30,42.4,87.1,1.9273,1.0124,4.1046,2.7473
121,my-windows-pc,2026-05-09 17:02:16.651152+05:30,42.3,81.8,1.4356,2.6855,0.5718,0.5006
122,my-windows-pc,2026-05-09 17:02:46.77105+05:30,34.4,83.1,1.0645,0.7675,0.5419,1.6898
123,my-windows-pc,2026-05-09 17:03:16.915395+05:30,34.7,82.4,0.1544,0.4098,0.4946,0.1445
124,my-windows-pc,2026-05-09 17:03:47.25991+05:30,29.3,82.7,0.0783,0.7202,0.3015,0.6644
125,my-windows-pc,2026-05-09 17:04:17.398173+05:30,33.5,81.7,0.06,0.3719,0.1114,0.0924
126,my-windows-pc,2026-05-09 17:04:47.52998+05:30,30.9,81.1,0.1174,0.3835,3.1519,1.5525
127,my-windows-pc,2026-05-09 17:05:17.665127+05:30,28.4,81.6,0.5311,0.4328,0.0528,0.0715
128,my-windows-pc,2026-05-09 17:05:47.792903+05:30,36.2,82.9,0.1545,0.3775,0.3083,0.6802
129,my-windows-pc,2026-05-09 17:06:22.637025+05:30,33.6,81.9,0.5241,2.0552,0.2769,0.511
130,my-windows-pc,2026-05-09 17:06:52.776292+05:30,43.5,81.9,2.4023,1.3949,1.4774,0.9161
131,my-windows-pc,2026-05-09 17:07:22.917199+05:30,29.8,75.8,0.9217,2.51,0.6947,1.1935
132,my-windows-pc,2026-05-09 17:07:53.053483+05:30,33.9,76.3,0.0551,0.4002,0.1651,0.4279
133,my-windows-pc,2026-05-09 17:08:23.195738+05:30,30.4,76.3,0.1132,0.4639,1.4457,0.1893
134,my-windows-pc,2026-05-09 17:08:53.340521+05:30,35.7,75,3.6008,2.2846,0.1326,0.3921
135,my-windows-pc,2026-05-09 17:09:23.481776+05:30,26.9,75.3,0.7805,0.3705,0.2826,0.8753
136,my-windows-pc,2026-05-09 17:09:53.683933+05:30,31.4,76,0.0699,0.4221,2.8887,0.4373
137,my-windows-pc,2026-05-09 17:10:23.817368+05:30,25.7,75.6,0.1749,0.3818,0.1667,0.0615
138,my-windows-pc,2026-05-09 17:10:53.957716+05:30,36.5,79.3,14.0857,0.497,3.809,0.5586
139,my-windows-pc,2026-05-09 17:11:24.113155+05:30,32.2,77.1,0.0815,0.386,0.0624,0.2808
140,my-windows-pc,2026-05-09 17:11:54.251971+05:30,26.5,77.8,0.0549,0.3841,0.1785,0.472
141,my-windows-pc,2026-05-09 17:12:24.382441+05:30,31.5,75.9,0.0512,1.0985,0.0544,0.0571
142,my-windows-pc,2026-05-09 17:12:54.496166+05:30,25.9,76.4,0.0514,0.7053,0.088,0.1673
143,my-windows-pc,2026-05-09 17:13:24.625749+05:30,30.5,76,0.2286,0.3786,0.7086,0.5448
144,my-windows-pc,2026-05-09 17:13:54.740339+05:30,25.6,76.8,0.0767,0.3756,0.152,0.1969
145,my-windows-pc,2026-05-09 17:14:25.144496+05:30,27,75.8,0.0494,0.3682,0.076,0.0666
146,my-windows-pc,2026-05-09 17:14:55.289742+05:30,21.8,74.9,0.0658,0.3624,2.4375,0.3295
147,my-windows-pc,2026-05-09 17:15:25.415102+05:30,30.7,75,0.0809,0.3793,0.4313,0.2809
148,my-windows-pc,2026-05-09 17:15:55.548903+05:30,26.2,74.8,0.0357,0.372,0.4821,0.2052
149,my-windows-pc,2026-05-09 17:16:25.683326+05:30,34.5,79.7,8.5769,0.373,3.568,1.3638
150,my-windows-pc,2026-05-09 17:16:55.813602+05:30,21,80.2,1.0839,0.3973,0.0859,0.1658
151,my-windows-pc,2026-05-09 17:17:26.038328+05:30,19.3,80.8,2.0359,0.4521,0.8991,0.4357
152,my-windows-pc,2026-05-09 17:17:56.160155+05:30,48.4,78.3,4.3949,6.3067,2.3302,1.0851
153,my-windows-pc,2026-05-09 17:18:26.286027+05:30,27.6,78.6,0.4941,0.6945,1.3446,0.1977
154,my-windows-pc,2026-05-09 17:18:56.426238+05:30,30.3,78.3,0.1127,0.7418,0.1457,0.3971
155,my-windows-pc,2026-05-09 17:19:26.561204+05:30,33.4,81.1,2.0277,0.4011,3.4805,1.991
156,my-windows-pc,2026-05-09 17:19:56.713055+05:30,59.8,83.6,2.9781,0.8844,9.2868,1.9526
157,my-windows-pc,2026-05-09 17:20:26.842147+05:30,28.6,83.2,1.4621,0.445,1.6538,0.3371
158,my-windows-pc,2026-05-09 17:20:56.974334+05:30,32.1,81.8,0.7271,1.6999,0.4399,0.5142
159,my-windows-pc,2026-05-09 17:21:27.179933+05:30,35,87.3,0.4283,0.9591,1.8228,1.291
160,my-windows-pc,2026-05-09 17:21:57.381697+05:30,38.9,83.1,0.1991,1.7836,0.1525,0.2201
161,my-windows-pc,2026-05-09 17:22:27.578994+05:30,27.7,81.3,0.2041,1.0327,0.0373,0.0558
162,my-windows-pc,2026-05-09 17:22:57.969921+05:30,25.9,80.5,0.0619,1.8143,0.0878,0.1358
163,my-windows-pc,2026-05-09 17:23:28.099916+05:30,32.2,78.4,0.0425,0.3714,0.06,0.1577
164,my-windows-pc,2026-05-09 17:23:58.227336+05:30,26.2,79,0.0204,0.391,0.5771,0.2059
165,my-windows-pc,2026-05-09 17:24:28.359052+05:30,30.3,77.5,0.0462,0.3691,0.8833,0.4277
166,my-windows-pc,2026-05-09 17:24:58.480515+05:30,27.5,79.2,0.1489,0.446,2.8642,0.4153
167,my-windows-pc,2026-05-09 17:25:28.603865+05:30,30.5,78.6,0.5747,0.3655,0.037,0.0529
168,my-windows-pc,2026-05-09 17:25:58.733422+05:30,28.8,78.2,0.0289,0.3786,0.133,0.2038
169,my-windows-pc,2026-05-09 17:26:28.851911+05:30,29.7,78.1,0.0434,0.3571,0.0358,0.0515
170,my-windows-pc,2026-05-09 17:26:58.970253+05:30,29.9,73.8,0.0959,0.3793,0.134,0.4046
171,my-windows-pc,2026-05-09 17:27:29.094131+05:30,32.8,74.4,0.2227,0.4265,0.6749,0.2181
172,my-windows-pc,2026-05-09 17:27:59.272004+05:30,27,75.6,0.0152,0.7126,0.1542,0.2018
173,my-windows-pc,2026-05-09 17:28:29.392182+05:30,27.3,75.5,0.0655,0.3696,0.1985,0.1627
174,my-windows-pc,2026-05-09 17:28:59.52908+05:30,36.5,76.5,0.1125,0.4411,5.5452,0.7368
175,my-windows-pc,2026-05-09 17:29:29.670457+05:30,25.8,75.9,0.0457,0.0381,0.7684,1.2627
176,my-windows-pc,2026-05-09 17:29:59.81374+05:30,31.2,76.6,0.0714,0.3853,2.6428,0.6759
177,my-windows-pc,2026-05-09 17:30:29.95009+05:30,25.9,76.3,0.0058,0.3805,0.0597,0.2859
178,my-windows-pc,2026-05-09 17:31:00.102792+05:30,25.2,76.5,0.3785,0.3871,0.0906,0.1695
179,my-windows-pc,2026-05-09 17:31:30.215484+05:30,14.9,76.9,0.1914,0.3851,0.3766,0.089
180,my-windows-pc,2026-05-09 17:32:00.322889+05:30,17.4,76.8,0.1721,0.3938,0.1523,0.4577
181,my-windows-pc,2026-05-09 17:32:30.465686+05:30,9.9,75.4,0.0101,0.3641,0.0204,0.0108
182,my-windows-pc,2026-05-09 17:33:00.598136+05:30,17,76,0.0302,0.3863,0.0861,0.2085
183,my-windows-pc,2026-05-09 17:33:30.835347+05:30,12.8,74.7,0.0397,0.4065,0.0808,0.32
184,my-windows-pc,2026-05-09 17:34:00.959106+05:30,16.7,75.3,0.0439,0.3836,0.5913,0.3167
185,my-windows-pc,2026-05-09 17:34:31.084384+05:30,13.6,75.5,0.0698,0.3604,0.042,0.0566
186,my-windows-pc,2026-05-09 17:35:01.196383+05:30,35.9,75.7,0.3041,4.6685,4.3498,0.6919
187,my-windows-pc,2026-05-09 17:35:31.322956+05:30,30,75.5,0.0193,0.3879,0.069,0.0633
188,my-windows-pc,2026-05-09 17:36:01.468391+05:30,49.9,77.6,0.3733,0.454,5.2414,0.8351
189,my-windows-pc,2026-05-09 17:36:31.597361+05:30,80.9,79.1,0.5198,0.8891,8.6319,1.0036
190,my-windows-pc,2026-05-09 17:37:01.758418+05:30,75.7,84.2,0.2304,0.6793,5.0511,0.8261
191,my-windows-pc,2026-05-09 17:37:31.901921+05:30,76.4,79.9,0.1993,1.5376,5.4025,0.5877
192,my-windows-pc,2026-05-09 17:38:02.056637+05:30,75.8,82.4,0.1253,2.2452,5.2574,0.7194
193,my-windows-pc,2026-05-09 17:38:32.219251+05:30,85.6,89.8,3.8752,0.4554,2.4163,3.0328
194,my-windows-pc,2026-05-09 17:39:02.521832+05:30,79.3,87.7,0.35,2.9608,0.4577,0.4932
195,my-windows-pc,2026-05-09 17:39:32.679935+05:30,80.4,87.4,0.6502,0.761,3.9653,0.4842
196,my-windows-pc,2026-05-09 17:40:02.960441+05:30,89.7,90,12.5031,2.7615,0.3015,0.4352
197,my-windows-pc,2026-05-09 17:40:34.139475+05:30,97.9,92.7,27.7119,3.2619,0.165,0.2841
198,my-windows-pc,2026-05-09 17:41:04.844783+05:30,92,91.6,15.8387,6.7034,0.5401,0.5572
199,my-windows-pc,2026-05-09 17:41:35.355859+05:30,95.8,90.5,20.2275,4.7902,5.5216,1.3375
200,my-windows-pc,2026-05-09 17:42:05.932197+05:30,92.7,85.4,6.9326,8.8051,0.2914,0.0451
201,my-windows-pc,2026-05-09 17:42:36.891981+05:30,88.7,88.7,3.9758,4.7252,0.3195,0.17
202,my-windows-pc,2026-05-09 17:43:07.1056+05:30,83.5,83,2.7917,2.4843,0.2396,0.2719
203,my-windows-pc,2026-05-09 17:43:37.242478+05:30,69.7,71.9,1.5229,0.3932,0.131,0.3885
204,my-windows-pc,2026-05-09 17:44:07.357523+05:30,70.1,76.2,1.7738,0.5485,5.9476,1.1757
205,my-windows-pc,2026-05-09 17:44:37.597511+05:30,25.5,69.2,0.4366,0.4537,2.9614,0.3706
206,my-windows-pc,2026-05-09 17:45:07.741568+05:30,63.3,77,1.6219,0.5255,0.9575,1.7122
207,my-windows-pc,2026-05-09 17:45:37.890002+05:30,71.2,76.1,0.0892,0.4056,5.0416,0.3195
208,my-windows-pc,2026-05-09 17:46:08.043416+05:30,81.2,83.4,4.7418,1.7335,12.7458,3.4646
209,my-windows-pc,2026-05-09 17:46:38.242425+05:30,77.5,84.7,2.8017,1.5346,0.1121,0.3911
210,my-windows-pc,2026-05-09 17:47:09.934818+05:30,83.1,82.4,6.2708,1.8897,0.0531,0.2777
211,my-windows-pc,2026-05-09 17:47:40.097108+05:30,85.2,83.4,5.1521,4.0011,0.4858,0.4867
212,my-windows-pc,2026-05-09 17:48:10.226311+05:30,69.3,84.8,1.4803,0.4035,0.1488,0.3129
213,my-windows-pc,2026-05-09 17:48:40.35142+05:30,71.7,85.8,0.2383,0.3779,0.0989,0.1642
214,my-windows-pc,2026-05-09 17:49:10.50154+05:30,72.7,84.7,0.8135,0.4351,1.4883,0.4319
215,my-windows-pc,2026-05-09 17:49:40.641726+05:30,76,85.8,3.3598,2.3026,6.4443,0.5897
216,my-windows-pc,2026-05-09 17:50:10.796065+05:30,79,89,2.2313,0.466,1.6691,0.6517
217,my-windows-pc,2026-05-09 17:50:40.938806+05:30,80.7,88.9,0.8149,0.4377,0.4827,0.4721
218,my-windows-pc,2026-05-09 17:51:11.110395+05:30,78.2,86.3,0.123,0.0355,0.0613,0.2855
219,my-windows-pc,2026-05-09 17:51:41.240054+05:30,72.7,86.8,0.059,0.3632,0.0796,0.1609
220,my-windows-pc,2026-05-09 17:52:11.362986+05:30,72.4,83.7,0.6621,0.3802,0.1147,0.3261
221,my-windows-pc,2026-05-09 17:52:41.518426+05:30,72.6,83.4,0.0852,0.3757,0.1109,0.3925
222,my-windows-pc,2026-05-09 17:53:11.676102+05:30,73.7,83.9,0.1531,0.3677,0.1588,0.3593
223,my-windows-pc,2026-05-09 17:53:41.902142+05:30,73.5,83.4,1.776,0.3636,0.1007,0.3877
224,my-windows-pc,2026-05-09 17:54:12.085349+05:30,79.5,83,2.0035,2.6531,4.3075,0.8802
225,my-windows-pc,2026-05-09 17:54:42.524052+05:30,71.7,84.1,1.6241,0.408,3.5644,1.0437
226,my-windows-pc,2026-05-09 17:55:12.727505+05:30,91.7,85.3,3.8623,2.3722,1.658,3.4112
227,my-windows-pc,2026-05-09 17:55:42.864866+05:30,87.6,84.8,0.9514,0.4079,0.5124,0.5719
228,my-windows-pc,2026-05-09 17:56:13.007108+05:30,71.9,85.1,0.3174,0.4482,0.1029,0.3121
229,my-windows-pc,2026-05-09 17:56:43.15867+05:30,75.7,88,4.2307,1.1041,6.9998,2.6275
230,my-windows-pc,2026-05-09 17:57:13.272594+05:30,78.9,82.5,9.1422,6.4745,0.3882,0.168
231,my-windows-pc,2026-05-09 17:57:43.541374+05:30,76,81.9,0.2612,0.4092,0.5337,0.2021
232,my-windows-pc,2026-05-09 17:58:13.683896+05:30,79.4,81.5,0.069,0.0331,0.0802,0.0427
233,my-windows-pc,2026-05-09 17:58:43.836206+05:30,78.5,80.8,0.5244,0.0316,0.3491,0.2122
234,my-windows-pc,2026-05-09 17:59:14.093669+05:30,75.5,78.8,0.2121,0.0368,1.4918,0.1934
235,my-windows-pc,2026-05-09 17:59:44.226596+05:30,77.3,79.6,0.8144,0.3683,3.3442,1.1386
236,my-windows-pc,2026-05-09 18:00:14.409953+05:30,84.2,80.7,20.4605,0.0735,0.4229,0.8325
237,my-windows-pc,2026-05-09 18:00:44.644352+05:30,76,81.1,0.6443,0.1166,0.0722,0.134
238,my-windows-pc,2026-05-09 18:01:14.853492+05:30,78.8,84.2,1.7543,0.0548,1.712,0.5068
239,my-windows-pc,2026-05-09 18:01:45.017763+05:30,84.2,82.9,6.8141,3.4482,0.0954,0.141
240,my-windows-pc,2026-05-09 18:02:15.18411+05:30,79.7,81.3,2.372,2.2103,5.4653,0.9204
241,my-windows-pc,2026-05-09 18:02:45.304488+05:30,77.6,81.2,0.096,0.7214,0.0714,0.1314
242,my-windows-pc,2026-05-09 18:03:15.548785+05:30,80.5,81.2,0.1612,0.036,0.0189,0.0134
243,my-windows-pc,2026-05-09 18:03:45.692847+05:30,76.9,78.6,0.0532,0.04,0.0754,0.1294
244,my-windows-pc,2026-05-09 18:04:15.824237+05:30,74.5,75.6,0.0494,0.0271,0.1451,0.2117
245,my-windows-pc,2026-05-09 18:04:45.953692+05:30,75.1,76.3,0.1105,0.3618,2.9313,0.3503
246,my-windows-pc,2026-05-09 18:05:16.103173+05:30,74.7,76.2,0.1607,0.0251,0.0204,0.0168
247,my-windows-pc,2026-05-09 18:05:46.227538+05:30,76.1,75.1,0.1854,0.0163,0.0824,0.1436
248,my-windows-pc,2026-05-09 18:06:16.338863+05:30,75.3,75.1,0.0982,0.065,0.0413,0.0353
249,my-windows-pc,2026-05-09 18:06:46.509881+05:30,75.1,75.5,0.2683,0.0338,0.0897,0.1343
250,my-windows-pc,2026-05-09 18:07:16.651511+05:30,79.3,72.2,0.932,0.393,0.3739,0.1248
251,my-windows-pc,2026-05-09 18:07:46.797119+05:30,72.8,73.3,0.0559,0.3566,0.087,0.1399
252,my-windows-pc,2026-05-09 18:08:16.932782+05:30,75.7,72.9,0.0997,0.0318,0.0371,0.0271
253,my-windows-pc,2026-05-09 18:08:47.075731+05:30,75.6,73.5,0.0529,0.0137,0.0759,0.1269
254,my-windows-pc,2026-05-09 18:09:17.201898+05:30,80.5,73.9,3.6031,0.0468,0.0788,0.0743
255,my-windows-pc,2026-05-09 18:09:47.311267+05:30,75.1,74.4,0.1394,0.3838,3.7655,0.4676
256,my-windows-pc,2026-05-09 18:10:17.437401+05:30,77.5,74,0.0499,0.0331,0.0434,0.0312
257,my-windows-pc,2026-05-09 18:10:47.597763+05:30,73.4,73.9,7.8064,0.0194,0.3825,0.2836
258,my-windows-pc,2026-05-09 18:11:17.747349+05:30,76.7,75.2,0.0833,0.1079,3.7488,0.4023
259,my-windows-pc,2026-05-09 18:11:47.927467+05:30,74.7,75.2,0.0735,0.0666,0.088,0.1417
260,my-windows-pc,2026-05-09 18:12:18.073517+05:30,78.7,80.4,4.2806,0.0945,8.651,1.8214
261,my-windows-pc,2026-05-09 18:12:48.206587+05:30,76.2,76.7,0.0824,0.3838,0.5761,0.3142
262,my-windows-pc,2026-05-09 18:13:18.332552+05:30,84.7,79.1,3.5797,2.7084,0.6259,0.2922
263,my-windows-pc,2026-05-09 18:13:48.461386+05:30,77.8,78.8,0.0455,0.0496,0.1682,0.1415
264,my-windows-pc,2026-05-09 18:14:18.589234+05:30,44.4,81.3,3.2939,0.398,1.0892,0.5386
265,my-windows-pc,2026-05-09 18:14:49.086769+05:30,68.8,90.4,18.5043,5.3281,75.1737,9.9072
266,my-windows-pc,2026-05-09 18:15:19.290514+05:30,83.1,91,6.1481,3.1999,69.1527,13.2528
267,my-windows-pc,2026-05-09 18:15:49.419037+05:30,45.3,91.3,3.5738,0.7053,2.9991,8.806
268,my-windows-pc,2026-05-09 18:16:19.665449+05:30,64.8,91.8,7.945,1.2608,2.2736,1.2937
269,my-windows-pc,2026-05-09 18:16:49.880677+05:30,40.1,92.4,2.347,0.3418,2.0689,1.1379
270,my-windows-pc,2026-05-09 18:17:20.008796+05:30,36.8,91.3,2.0052,0.9713,4.2376,0.3822
271,my-windows-pc,2026-05-09 18:17:50.151854+05:30,32.8,90.6,1.0916,0.7075,2.3665,1.4088
272,my-windows-pc,2026-05-09 18:18:20.309019+05:30,40.3,86.4,0.6634,2.4379,4.18,2.0833
273,my-windows-pc,2026-05-09 18:18:50.442324+05:30,14.3,86.3,0.141,0.0338,0.6823,0.9739
274,my-windows-pc,2026-05-09 18:19:24.327701+05:30,79.7,93.1,4.3523,0.3674,142.2839,12.9676
275,my-windows-pc,2026-05-09 18:19:54.708597+05:30,92.7,91.7,7.9282,5.0865,206.3081,6.0118
276,my-windows-pc,2026-05-09 18:20:25.064419+05:30,87.9,89.7,5.1062,4.1497,161.6128,4.9153
277,my-windows-pc,2026-05-09 18:20:55.343283+05:30,90.8,90,4.3646,1.3336,240.3763,8.3764
278,my-windows-pc,2026-05-09 18:21:25.657392+05:30,72.4,89.6,0.6639,0.082,169.2657,3.8779
279,my-windows-pc,2026-05-09 18:21:56.548761+05:30,80.9,87.8,4.4632,2.0423,109.3609,3.2183
280,my-windows-pc,2026-05-09 18:22:28.047154+05:30,70.8,81.2,2.1882,6.819,107.2367,2.4763
281,my-windows-pc,2026-05-09 18:22:58.233833+05:30,57.4,82.5,0.7084,0.3704,80.9371,2.5528
282,my-windows-pc,2026-05-09 18:23:28.448138+05:30,60.1,82.4,0.4132,0.3889,116.3582,4.0006
283,my-windows-pc,2026-05-09 18:23:59.154532+05:30,50.1,82.3,0.1645,0.0614,86.472,1.9588
284,my-windows-pc,2026-05-09 18:24:29.417553+05:30,53.1,82.8,0.3402,0.1138,80.4523,1.8174
285,my-windows-pc,2026-05-09 18:24:59.643955+05:30,30.2,83.3,0.179,0.3764,22.6747,1.2072
286,my-windows-pc,2026-05-09 18:25:29.883314+05:30,54.3,84.3,1.3215,0.3791,65.6326,2.1159
287,my-windows-pc,2026-05-09 18:26:00.488441+05:30,51.1,83.9,0.1257,0.0878,0.222,0.5495
288,my-windows-pc,2026-05-09 18:26:30.701636+05:30,50.5,84.8,0.2228,0.0337,0.7538,0.6861
289,my-windows-pc,2026-05-09 18:27:00.988719+05:30,86.7,87.8,0.6746,1.0423,847.4057,13.9694
290,my-windows-pc,2026-05-09 18:27:31.771524+05:30,78.3,81.7,0.9851,3.7244,843.0303,9.6642
291,my-windows-pc,2026-05-09 18:28:02.816894+05:30,69.3,81.9,0.1137,0.4068,644.1095,8.0412
292,my-windows-pc,2026-05-09 18:28:33.174786+05:30,79.8,84.4,0.5036,0.4521,754.7158,10.0475
293,my-windows-pc,2026-05-09 18:29:03.413775+05:30,62.7,84,0.0441,0.0551,369.0367,4.9392
294,my-windows-pc,2026-05-09 18:29:33.742161+05:30,82.3,87.3,0.9153,0.1188,634.2712,8.1183
295,my-windows-pc,2026-05-09 18:30:04.174327+05:30,68.7,88,0.7366,0.3909,598.9846,8.1568
296,my-windows-pc,2026-05-09 18:30:34.510286+05:30,73.3,87.5,0.8947,0.0402,611.9227,7.9254
297,my-windows-pc,2026-05-09 18:31:05.401821+05:30,55,83.1,0.1163,0.0857,505.7657,11.9871
298,my-windows-pc,2026-05-09 18:31:35.735151+05:30,92.4,88.8,0.3956,0.0909,534.1471,7.209
299,my-windows-pc,2026-05-09 18:32:05.990414+05:30,77.8,87.7,0.5401,0.0699,563.4595,6.8385
300,my-windows-pc,2026-05-09 18:32:36.226627+05:30,71.3,87.5,0.0977,0.0373,569.5781,6.5108
301,my-windows-pc,2026-05-09 18:33:06.468082+05:30,68.4,84.4,0.0756,0.3631,251.6605,2.7015
302,my-windows-pc,2026-05-09 18:33:37.095888+05:30,88.1,88.3,0.7773,1.2349,696.9996,11.3119
303,my-windows-pc,2026-05-09 18:34:07.523232+05:30,77.4,88.3,1.1974,0.1041,606.6098,6.3894
304,my-windows-pc,2026-05-09 18:34:38.082739+05:30,66.7,89.1,0.2192,0.0446,427.5336,5.0081
305,my-windows-pc,2026-05-09 18:35:08.912908+05:30,66.9,85.5,0.1617,0.3798,445.2064,5.1232
306,my-windows-pc,2026-05-09 18:35:39.161853+05:30,65.2,86.1,0.7042,0.3689,145.8562,2.0977
307,my-windows-pc,2026-05-09 18:36:09.495143+05:30,56.7,86.4,0.0497,0.0332,859.6844,9.2513
308,my-windows-pc,2026-05-09 18:36:39.625759+05:30,67.2,88.9,3.4147,1.2513,248.9477,3.7427
309,my-windows-pc,2026-05-09 18:37:09.762385+05:30,17.3,82.4,0.8957,2.3317,0.3648,0.0851
310,my-windows-pc,2026-05-09 18:37:39.939597+05:30,16.5,75.5,1.055,0.0565,0.6058,0.593
311,my-windows-pc,2026-05-09 18:38:10.070617+05:30,32.1,75.8,0.0727,0.3717,117.9726,2.0401
312,my-windows-pc,2026-05-09 18:38:40.188427+05:30,23.1,78.9,0.7295,0.1032,4.1908,1.1375
313,my-windows-pc,2026-05-09 18:39:10.344518+05:30,37.8,82.2,0.4243,0.05,5.7643,2.2771
314,my-windows-pc,2026-05-09 18:39:40.657324+05:30,62.8,83.4,1.5725,0.0655,112.3749,5.4631
315,my-windows-pc,2026-05-09 18:40:10.881898+05:30,60.7,81.9,0.2862,0.4643,133.1028,5.5429
316,my-windows-pc,2026-05-09 18:40:41.158985+05:30,45.5,81.9,0.052,0.0353,215.2688,4.4643
317,my-windows-pc,2026-05-09 18:41:11.373206+05:30,47,81,0.0271,0.0308,105.06,1.8371
318,my-windows-pc,2026-05-09 18:41:41.574293+05:30,44.2,81.6,0.2661,0.0488,77.7483,1.7813
319,my-windows-pc,2026-05-09 18:42:11.786109+05:30,60.2,81.2,0.1811,2.1776,123.6985,1.6082
320,my-windows-pc,2026-05-09 18:42:42.036506+05:30,45.5,81.8,0.0339,0.3542,139.6959,2.1119
321,my-windows-pc,2026-05-09 18:43:12.321195+05:30,42.1,81.1,0.0331,0.025,73.1157,1.075
322,my-windows-pc,2026-05-09 18:43:42.963274+05:30,48.1,80.9,0.0554,0.0311,28.1904,0.9776
323,my-windows-pc,2026-05-09 18:44:13.132808+05:30,74.2,83.9,0.4962,0.1935,22.0758,1.5054
324,my-windows-pc,2026-05-09 18:44:43.39361+05:30,65.3,80.8,0.1253,0.0983,276.4497,8.0296
325,my-windows-pc,2026-05-09 18:45:13.601472+05:30,53.1,80.7,0.0974,0.4048,212.9218,4.3566
326,my-windows-pc,2026-05-09 18:45:43.814291+05:30,65.5,82.3,0.1424,0.0505,106.7121,6.602
327,my-windows-pc,2026-05-09 18:46:14.849913+05:30,51.5,80,0.0651,0.084,77.2507,1.1306
328,my-windows-pc,2026-05-09 18:46:45.074649+05:30,54.3,81,0.3387,0.048,124.3985,2.263
329,my-windows-pc,2026-05-09 18:47:15.286087+05:30,53.3,80.8,0.3204,0.0562,91.3333,1.6614
330,my-windows-pc,2026-05-09 18:47:45.481802+05:30,69.6,80.5,0.7623,1.0824,131.6042,2.6293
331,my-windows-pc,2026-05-09 18:48:15.731114+05:30,53,80,0.603,0.1092,125.3925,1.8922
332,my-windows-pc,2026-05-09 18:48:45.980466+05:30,72.3,84.4,0.3857,0.1043,111.2726,2.1395
333,my-windows-pc,2026-05-09 18:49:16.094984+05:30,83.8,83.5,2.3391,1.4012,149.8371,4.4216
334,my-windows-pc,2026-05-09 18:49:46.210152+05:30,9.1,77.2,1.5136,0.0796,0.8049,0.511
335,my-windows-pc,2026-05-09 18:50:16.42414+05:30,24.7,77.1,1.5333,2.4467,2.7934,0.5069
336,my-windows-pc,2026-05-09 18:50:46.542778+05:30,12,76.7,0.1688,0.0459,0.4683,0.2306
337,my-windows-pc,2026-05-09 18:51:16.672925+05:30,11.9,74.2,0.055,0.0243,0.0469,0.0185
338,my-windows-pc,2026-05-09 18:51:46.821508+05:30,17.9,76.7,0.1367,0.1849,1.617,0.4561
339,my-windows-pc,2026-05-09 18:52:16.942308+05:30,10.4,76.4,0.4008,0.0483,0.0715,0.0403
340,my-windows-pc,2026-05-09 18:52:47.071206+05:30,12.1,73.7,0.1087,0.4092,0.0765,0.1326
341,my-windows-pc,2026-05-09 18:53:17.187396+05:30,14.8,73.2,0.0448,0.0541,0.0583,0.0207
342,my-windows-pc,2026-05-09 18:53:47.308533+05:30,17.9,75.3,4.5622,0.084,0.1085,0.1436
343,my-windows-pc,2026-05-09 18:54:17.460162+05:30,10.2,74.2,0.1128,0.0792,2.7661,0.2587
344,my-windows-pc,2026-05-09 18:54:47.593581+05:30,5.6,75.2,0.0653,0.0402,0.0981,0.1295
345,my-windows-pc,2026-05-09 18:55:17.705374+05:30,15.9,79.3,5.694,2.1368,0.5337,0.1448
346,my-windows-pc,2026-05-09 18:55:47.827389+05:30,5.7,79.5,0.0435,0.0233,0.1008,0.1493
347,my-windows-pc,2026-05-09 18:56:17.952137+05:30,4.7,78.7,0.0074,0.0295,0.0452,0.0334
348,my-windows-pc,2026-05-09 18:56:48.105514+05:30,20.7,80,0.0498,0.0953,3.8105,0.5064
349,my-windows-pc,2026-05-09 18:57:18.231219+05:30,6.8,79.1,0.0756,0.0421,0.6915,0.1849
350,my-windows-pc,2026-05-09 18:57:48.368286+05:30,12.6,80,0.1058,0.4398,0.1167,0.1497
351,my-windows-pc,2026-05-09 18:58:18.49354+05:30,4.9,78.9,0.0145,0.0374,0.043,0.0316
352,my-windows-pc,2026-05-09 18:58:48.627582+05:30,11.7,79.7,0.0074,0.031,0.0893,0.1243
353,my-windows-pc,2026-05-09 18:59:18.881416+05:30,8.2,78.9,1.1773,0.0472,2.6974,0.4145
354,my-windows-pc,2026-05-09 18:59:49.014452+05:30,10.1,79.7,0.0239,0.0265,0.1603,0.1831
355,my-windows-pc,2026-05-09 19:00:19.174886+05:30,29.3,80.7,21.3874,1.0321,1.8736,0.4212
356,my-windows-pc,2026-05-09 19:00:49.398016+05:30,8,81.5,1.2067,0.1586,0.1021,0.1353
357,my-windows-pc,2026-05-09 19:01:19.521602+05:30,8.3,80.5,0.2856,0.0529,0.3435,0.508
358,my-windows-pc,2026-05-09 19:01:49.83219+05:30,8.8,81.8,1.8505,0.2894,0.6046,0.97
359,my-windows-pc,2026-05-09 19:02:19.951648+05:30,13.2,81.6,0.2572,0.049,0.0829,0.2615
360,my-windows-pc,2026-05-09 19:02:50.084201+05:30,6.9,81.1,0.1802,1.3694,0.1419,0.2136
361,my-windows-pc,2026-05-09 19:03:20.332585+05:30,8.8,80,0.0522,0.0289,0.0606,0.0151
362,my-windows-pc,2026-05-09 19:03:50.460082+05:30,9,79.9,0.0462,0.048,0.1092,0.1531
363,my-windows-pc,2026-05-09 19:04:20.593332+05:30,10.5,79.6,0.0873,0.0351,2.6519,0.5955
364,my-windows-pc,2026-05-09 19:04:50.72241+05:30,4.2,79.3,0.0308,0.0354,0.0674,0.1277
365,my-windows-pc,2026-05-09 19:05:20.851987+05:30,12.6,79.7,0.1487,0.4264,0.5131,0.1466
366,my-windows-pc,2026-05-09 19:05:50.984342+05:30,15.3,79.5,0.1411,0.1147,3.8355,0.5506
367,my-windows-pc,2026-05-09 19:06:21.134+05:30,9.4,79.8,0.045,0.0229,0.0307,0.0255
368,my-windows-pc,2026-05-09 19:06:51.2876+05:30,4.7,79.2,0.0556,0.0331,0.0807,0.1317
369,my-windows-pc,2026-05-09 19:07:21.396184+05:30,7,80.4,0.6832,0.0437,0.326,0.051
370,my-windows-pc,2026-05-09 19:07:51.532866+05:30,10.4,79.8,0.0919,0.3904,0.1346,0.2243
371,my-windows-pc,2026-05-09 19:08:21.667896+05:30,11,82.4,4.235,0.0376,3.0248,1.0689
372,my-windows-pc,2026-05-09 19:08:51.793934+05:30,14.3,83.8,4.5297,0.0385,0.3619,0.3218
373,my-windows-pc,2026-05-09 19:09:21.919537+05:30,6.8,83.4,0.7057,0.0482,3.1409,0.4938
374,my-windows-pc,2026-05-09 19:09:52.055211+05:30,9.3,83.1,0.0067,0.0484,0.1254,0.1546
375,my-windows-pc,2026-05-09 19:10:22.173721+05:30,6.6,83.4,0.0842,0.373,1.4187,0.2174
376,my-windows-pc,2026-05-09 19:10:52.298929+05:30,11.5,82.5,10.583,0.0359,0.0668,0.1274
377,my-windows-pc,2026-05-09 19:11:22.427679+05:30,5.9,82.7,0.028,0.0332,0.0304,0.0204
378,my-windows-pc,2026-05-09 19:11:52.603439+05:30,4.4,82.6,0.0301,0.0335,0.1144,0.1584
379,my-windows-pc,2026-05-09 19:12:22.77268+05:30,11,82.9,0.1021,0.0298,0.0261,0.0219
380,my-windows-pc,2026-05-09 19:12:52.897054+05:30,4.5,82.9,0.489,0.4276,0.0757,0.1235
381,my-windows-pc,2026-05-09 19:13:23.024179+05:30,11.1,83,0.0161,0.0418,0.0252,0.0174
382,my-windows-pc,2026-05-09 19:13:53.153089+05:30,3.8,82.5,0.0066,0.0303,0.0969,0.1509
383,my-windows-pc,2026-05-09 19:14:23.281421+05:30,11.1,83,0.0246,0.0213,2.4247,0.2372
384,my-windows-pc,2026-05-09 19:14:53.392808+05:30,16.4,79.3,0.2863,4.2985,4.8465,1.1398
385,my-windows-pc,2026-05-09 19:15:23.522381+05:30,12.9,79.9,0.3355,0.3755,1.0491,0.5245
386,my-windows-pc,2026-05-09 19:15:53.636178+05:30,68.5,89.5,7.0722,2.362,14.7611,6.217
387,my-windows-pc,2026-05-09 19:16:23.792877+05:30,45.1,83.6,2.6531,3.5134,32.974,6.826
388,my-windows-pc,2026-05-09 19:16:54.825695+05:30,61.8,88,11.2883,0.2821,64.3404,16.2422
389,my-windows-pc,2026-05-09 19:17:25.040662+05:30,98.7,93.5,10.1506,6.7459,3.1526,12.4348
390,my-windows-pc,2026-05-09 19:17:55.309032+05:30,78.4,92.4,7.1309,8.4877,77.6104,4.6939
391,my-windows-pc,2026-05-09 19:18:25.593173+05:30,82.1,89.9,10.7659,10.2284,1.3692,0.457
392,my-windows-pc,2026-05-09 19:18:56.06515+05:30,91,88.9,17.7537,15.6218,0.8681,0.2806
393,my-windows-pc,2026-05-09 19:19:26.46165+05:30,92.7,87.8,66.6083,5.6484,9.7124,3.1812
394,my-windows-pc,2026-05-09 19:19:56.688754+05:30,81,85.3,4.5937,1.9891,3.8302,1.597
395,my-windows-pc,2026-05-09 19:20:26.873688+05:30,75.2,88.8,15.0788,0.462,6.7745,1.7484
396,my-windows-pc,2026-05-09 19:20:57.090992+05:30,75.9,84.5,2.2701,2.2707,1.2291,0.4314
397,my-windows-pc,2026-05-09 19:21:27.354368+05:30,72.3,87.1,4.7846,0.2203,2.8962,0.6572
398,my-windows-pc,2026-05-09 19:21:57.532551+05:30,76.9,84.3,3.253,2.9383,0.9985,0.4048
399,my-windows-pc,2026-05-09 19:22:27.694638+05:30,72.5,75.8,0.7209,1.5452,1.5556,1.0129
400,my-windows-pc,2026-05-09 19:22:57.84718+05:30,68.6,73.9,0.057,0.4408,0.9214,0.333
401,my-windows-pc,2026-05-09 19:23:27.980831+05:30,68.7,74.9,0.3979,0.2752,1.3232,0.3493
402,my-windows-pc,2026-05-09 19:23:58.142151+05:30,73.6,79.3,3.9255,0.2117,4.7076,0.7837
403,my-windows-pc,2026-05-09 19:24:28.296899+05:30,68.6,80.2,0.2571,0.1068,3.4327,0.3309
404,my-windows-pc,2026-05-09 19:24:58.443569+05:30,67,79.6,0.0458,0.0648,1.1628,0.3405
405,my-windows-pc,2026-05-09 19:25:28.596624+05:30,69.8,80.6,0.4428,0.4653,1.3356,0.2383
406,my-windows-pc,2026-05-09 19:25:58.739236+05:30,68,80.4,0.8901,0.082,1.0614,0.3862
407,my-windows-pc,2026-05-09 19:26:29.156346+05:30,92.4,93.8,4.6264,4.1872,222.0399,15.2274
408,my-windows-pc,2026-05-09 19:26:59.417391+05:30,38,82.5,2.7881,2.7936,0.2308,0.1534
409,my-windows-pc,2026-05-09 19:27:29.539971+05:30,20.6,77.7,2.0188,2.5072,2.0468,0.9687
410,my-windows-pc,2026-05-09 19:27:59.690073+05:30,11.2,77.8,0.1233,0.3767,0.2615,0.3331
411,my-windows-pc,2026-05-09 19:28:29.809761+05:30,17.2,76.1,0.0852,0.065,1.2375,0.6615
412,my-windows-pc,2026-05-09 19:28:59.944788+05:30,8.5,75.5,0.049,0.0329,0.1073,0.1543
413,my-windows-pc,2026-05-09 19:29:30.205199+05:30,9.3,76.2,0.1219,0.0429,3.6256,0.7639
414,my-windows-pc,2026-05-09 19:30:00.347889+05:30,15.8,76.5,0.5063,0.0469,0.1711,0.2394
415,my-windows-pc,2026-05-09 19:30:30.471365+05:30,12.1,78,0.6851,0.417,2.1203,0.4572
416,my-windows-pc,2026-05-09 19:31:00.602807+05:30,13.3,77.1,0.3838,0.047,0.0782,0.1267
417,my-windows-pc,2026-05-09 19:31:30.732003+05:30,9.4,77.6,0.2084,0.0316,0.9838,0.496
418,my-windows-pc,2026-05-09 19:32:00.884428+05:30,13.7,77.2,0.4127,0.06,0.1613,0.2416
419,my-windows-pc,2026-05-09 19:32:31.00962+05:30,11.1,77.6,0.8529,0.037,0.2127,0.2673
420,my-windows-pc,2026-05-09 19:33:01.143931+05:30,25.5,78,0.231,0.4517,4.2531,0.7988
421,my-windows-pc,2026-05-09 19:33:31.274568+05:30,7.3,78.6,0.1987,0.0255,0.0538,0.0273
422,my-windows-pc,2026-05-09 19:34:01.423164+05:30,12.9,78.6,1.2714,0.0371,0.1462,0.2326
423,my-windows-pc,2026-05-09 19:34:31.562972+05:30,9,79.3,0.0384,0.0371,2.6419,0.4533
424,my-windows-pc,2026-05-09 19:35:01.685502+05:30,9.9,78.7,0.0537,0.0411,0.0845,0.1358
425,my-windows-pc,2026-05-09 19:35:31.811204+05:30,14,79.9,0.3332,0.3672,0.7294,0.4612
426,my-windows-pc,2026-05-09 19:36:01.946838+05:30,9.1,79.3,0.2839,0.0414,0.6824,1.0524
427,my-windows-pc,2026-05-09 19:36:32.091582+05:30,50.3,83.8,0.7172,4.7334,3.8324,1.6471
428,my-windows-pc,2026-05-09 19:37:02.224122+05:30,11.7,79.3,0.0713,1.2603,0.1008,0.1404
429,my-windows-pc,2026-05-09 19:37:32.351859+05:30,16.1,80,0.1241,0.2148,0.9937,0.4092
430,my-windows-pc,2026-05-09 19:38:02.489037+05:30,10.5,77.3,0.0354,0.3766,0.2128,0.2929
431,my-windows-pc,2026-05-09 19:38:32.609443+05:30,16.4,77.8,0.1574,0.048,1.0481,0.6842
432,my-windows-pc,2026-05-09 19:39:02.758694+05:30,8,77.2,0.0498,0.0542,0.1107,0.2011
433,my-windows-pc,2026-05-09 19:39:32.88954+05:30,13,77.7,0.0474,0.0195,3.3842,0.4728
434,my-windows-pc,2026-05-09 19:40:03.024388+05:30,8.4,77.3,0.0336,0.0539,0.1487,0.2331
435,my-windows-pc,2026-05-09 19:40:33.14395+05:30,18.3,77.3,0.1484,2.4114,2.2632,0.5998
436,my-windows-pc,2026-05-09 19:41:03.293902+05:30,11.4,75.2,0.0179,0.0315,0.0923,0.1374
437,my-windows-pc,2026-05-09 19:41:33.538735+05:30,8.6,75.6,0.0321,0.0437,1.4615,0.7404
438,my-windows-pc,2026-05-09 19:42:03.682714+05:30,26,75.5,0.2917,0.1419,3.8298,0.6239
439,my-windows-pc,2026-05-09 19:42:33.815541+05:30,10.7,73.9,0.042,0.0401,0.3775,0.239
440,my-windows-pc,2026-05-09 19:43:03.949763+05:30,13.9,73.6,0.0283,0.3706,0.1077,0.1974
441,my-windows-pc,2026-05-09 19:43:34.072381+05:30,8.6,74.1,0.0035,0.029,0.0356,0.0187
442,my-windows-pc,2026-05-09 19:44:04.197702+05:30,13.2,73.4,0.0174,0.0389,0.3242,0.3841
443,my-windows-pc,2026-05-09 19:44:34.353183+05:30,9,74.1,0.1444,0.0304,2.937,0.5085
444,my-windows-pc,2026-05-09 19:45:04.490013+05:30,14.2,73.9,0.1525,0.0455,1.5868,0.8755
445,my-windows-pc,2026-05-09 19:45:34.613708+05:30,9.8,74.9,0.086,0.3684,0.8975,0.4199
446,my-windows-pc,2026-05-09 19:46:04.759311+05:30,14.6,74.2,0.0787,0.0702,1.167,4.2708
447,my-windows-pc,2026-05-09 19:46:34.878237+05:30,13.8,76.7,1.2798,0.064,1.1203,0.7504
448,my-windows-pc,2026-05-09 19:47:05.002054+05:30,10.9,76.2,0.027,0.0513,0.105,0.1562
449,my-windows-pc,2026-05-09 19:47:35.252304+05:30,12.6,76.7,0.7034,0.1363,1.4129,0.5979
450,my-windows-pc,2026-05-09 19:48:05.38922+05:30,8.6,76.2,0.0189,0.98,0.1241,0.167
451,my-windows-pc,2026-05-09 19:48:35.564699+05:30,18.8,78.2,0.2633,0.0386,0.7993,0.481
452,my-windows-pc,2026-05-09 19:49:05.738744+05:30,30.1,79.1,0.5949,2.5247,2.3952,0.9543
453,my-windows-pc,2026-05-09 19:49:35.852985+05:30,15.3,78.3,0.3793,0.0335,6.9458,0.6279
454,my-windows-pc,2026-05-09 19:50:05.964042+05:30,22.5,79.4,1.0894,1.5074,2.3168,0.8113
455,my-windows-pc,2026-05-09 19:50:36.098727+05:30,19.8,78.2,0.1261,0.3958,1.8797,0.4917
456,my-windows-pc,2026-05-09 19:51:06.23138+05:30,19.3,77.3,0.0782,0.1081,4.4383,0.813
457,my-windows-pc,2026-05-09 19:51:36.349726+05:30,24,82.8,0.0925,0.19,1.5645,0.4038
458,my-windows-pc,2026-05-09 19:52:06.598685+05:30,10.5,78.5,0.0265,0.0756,0.7597,0.3773
459,my-windows-pc,2026-05-09 19:52:36.749366+05:30,14.2,77.3,0.0186,1.8019,0.4169,0.3564
460,my-windows-pc,2026-05-09 19:53:06.858081+05:30,34.6,84.6,0.1599,0.578,2.7566,0.8192
461,my-windows-pc,2026-05-09 19:53:36.985384+05:30,13.2,77.7,0.0533,2.932,0.2677,0.3602
462,my-windows-pc,2026-05-09 19:54:07.116792+05:30,26.9,79.8,4.0455,0.0878,0.6841,0.3396
463,my-windows-pc,2026-05-09 19:54:37.244262+05:30,12.4,78.6,0.0521,0.0418,3.1412,0.5869
464,my-windows-pc,2026-05-09 19:55:07.380165+05:30,15,77.1,0.0396,0.0386,0.6411,0.2882
465,my-windows-pc,2026-05-09 19:55:37.509503+05:30,9.3,78,0.0744,0.3631,0.5497,0.2527
466,my-windows-pc,2026-05-09 19:56:07.634854+05:30,12.1,77.1,0.0765,0.0409,0.9984,0.4827
467,my-windows-pc,2026-05-09 19:56:37.761526+05:30,8,77.8,0.0577,0.0323,0.8037,0.6173
468,my-windows-pc,2026-05-09 19:57:07.912554+05:30,16.6,77.9,0.0812,0.1007,0.6431,0.2981
469,my-windows-pc,2026-05-09 19:57:38.060523+05:30,12.5,75.3,0.0555,0.0621,0.7266,0.303
470,my-windows-pc,2026-05-09 19:58:08.395736+05:30,89.8,89.1,2.7123,3.0499,36.2108,11.341
471,my-windows-pc,2026-05-09 19:58:38.691733+05:30,68.4,85.4,1.5385,4.5323,116.0562,38.9593
472,my-windows-pc,2026-05-09 19:59:08.835663+05:30,46.6,84.1,0.4043,0.5274,40.1339,9.2026
473,my-windows-pc,2026-05-09 19:59:38.970948+05:30,17.3,81.5,0.1845,0.0956,6.297,0.502
474,my-windows-pc,2026-05-09 20:00:09.097345+05:30,32.6,85.8,14.3909,0.2301,5.179,0.9881
475,my-windows-pc,2026-05-09 20:00:39.22422+05:30,32.4,85.2,16.7415,3.3343,1.897,0.4654
476,my-windows-pc,2026-05-09 20:01:09.375887+05:30,8.7,84.6,0.2619,0.3733,0.8684,0.4833
477,my-windows-pc,2026-05-09 20:01:39.518725+05:30,14,84.9,0.4502,0.0768,0.5485,0.5064
478,my-windows-pc,2026-05-09 20:02:09.644193+05:30,13,83,1.9576,0.0707,0.7531,0.3382
479,my-windows-pc,2026-05-09 20:02:39.771588+05:30,16.3,81.9,0.0816,0.2079,0.1116,0.1555
480,my-windows-pc,2026-05-09 20:03:09.885709+05:30,8.9,81.4,0.6747,0.3804,1.0012,0.6443
481,my-windows-pc,2026-05-09 20:03:40.009974+05:30,20,82,5.3921,1.6703,3.3282,1.2688
482,my-windows-pc,2026-05-09 20:04:10.125653+05:30,9.5,82,0.434,0.0394,0.0668,0.0561
483,my-windows-pc,2026-05-09 20:04:40.263549+05:30,9.6,83,0.0851,0.0311,3.4584,0.8123
484,my-windows-pc,2026-05-09 20:05:10.38999+05:30,13.1,82.1,0.0479,0.0405,0.0268,0.025
485,my-windows-pc,2026-05-09 20:05:40.513176+05:30,8.9,83,0.1475,0.0289,0.8267,0.3463
486,my-windows-pc,2026-05-09 20:06:10.634184+05:30,13.6,82.4,0.7224,0.3813,0.0717,0.0608
487,my-windows-pc,2026-05-09 20:06:40.753969+05:30,8.7,83.1,0.1025,0.0214,0.0947,0.1454
488,my-windows-pc,2026-05-09 20:07:11.006428+05:30,13.5,82.3,0.3939,0.0363,0.3711,0.1617
489,my-windows-pc,2026-05-09 20:07:41.140439+05:30,53.1,75.8,4.6586,5.4721,3.9403,0.9721
490,my-windows-pc,2026-05-09 20:08:11.264607+05:30,15.3,73.1,0.1667,0.3985,0.0854,0.0711
491,my-windows-pc,2026-05-09 20:08:41.387946+05:30,18.5,76,0.5598,0.0289,0.6277,0.9633
492,my-windows-pc,2026-05-09 20:09:11.528707+05:30,30.1,76,4.0945,2.0034,3.9052,0.982
493,my-windows-pc,2026-05-09 20:09:41.660435+05:30,13,76.1,0.0574,0.0488,2.7951,0.3517
494,my-windows-pc,2026-05-09 20:10:11.779264+05:30,6.9,75.5,0.0338,0.0406,0.0665,0.0606
495,my-windows-pc,2026-05-09 20:10:41.904611+05:30,15.1,76.3,1.0606,0.0295,1.6484,0.4411
496,my-windows-pc,2026-05-09 20:11:12.037136+05:30,9.5,75.6,11.5557,0.3919,0.5492,0.1656
497,my-windows-pc,2026-05-09 20:11:42.165607+05:30,16.8,77.2,0.7376,0.0787,0.1009,0.1525
498,my-windows-pc,2026-05-09 20:12:12.303925+05:30,7.6,76.6,0.0725,0.0545,0.0672,0.0597
499,my-windows-pc,2026-05-09 20:12:42.413784+05:30,16.8,74.4,0.037,1.0816,0.0775,0.139
500,my-windows-pc,2026-05-09 20:13:12.546931+05:30,10.3,73.5,0.851,0.3491,0.0204,0.0267
501,my-windows-pc,2026-05-09 20:13:42.673936+05:30,14.9,74.8,0.5605,0.0298,0.2537,0.3234
502,my-windows-pc,2026-05-09 20:14:12.795518+05:30,6.9,74.1,0.0306,0.0524,0.4707,0.1905
503,my-windows-pc,2026-05-09 20:14:42.915883+05:30,14.4,75.2,0.088,0.0453,4.2832,1.1609
504,my-windows-pc,2026-05-09 20:15:13.043497+05:30,8.1,74.4,0.2684,0.0435,0.1981,0.1377
505,my-windows-pc,2026-05-09 20:15:43.161184+05:30,12.1,75,0.1487,0.0404,1.6842,3.8493
506,my-windows-pc,2026-05-09 20:16:13.294375+05:30,10.8,74.3,0.074,0.3807,0.074,0.0613
507,my-windows-pc,2026-05-09 20:16:43.425811+05:30,31.8,81.1,2.7003,3.1519,1.8618,0.6056
508,my-windows-pc,2026-05-09 20:17:13.548903+05:30,17.7,76,0.3685,1.1312,0.1966,0.02
509,my-windows-pc,2026-05-09 20:17:43.684542+05:30,12.4,77.2,1.1492,0.0536,0.9734,0.5567
510,my-windows-pc,2026-05-09 20:18:13.819331+05:30,25.5,77.7,2.3953,1.2414,4.5051,0.7353
511,my-windows-pc,2026-05-09 20:18:43.937739+05:30,13.1,77.8,0.0726,0.0371,0.2894,0.1532
512,my-windows-pc,2026-05-09 20:19:14.058247+05:30,13.4,75.3,1.2595,0.0292,1.9604,0.9431
513,my-windows-pc,2026-05-09 20:19:44.181647+05:30,9.9,76.8,0.3517,0.054,3.7799,0.8452
514,my-windows-pc,2026-05-09 20:20:14.315094+05:30,12.6,76.4,0.3697,0.0604,1.9556,0.437
515,my-windows-pc,2026-05-09 20:20:44.447546+05:30,15.2,77.1,0.7579,1.4887,1.964,0.5462
516,my-windows-pc,2026-05-09 20:21:14.58728+05:30,9.9,76.6,0.0512,0.5354,2.8292,0.3125
517,my-windows-pc,2026-05-09 20:21:44.74261+05:30,11,77.2,0.0365,0.0233,0.2384,0.3278
518,my-windows-pc,2026-05-09 20:22:14.864087+05:30,7.6,76.6,0.0412,0.0612,0.2664,0.2922
519,my-windows-pc,2026-05-09 20:22:44.986913+05:30,14.5,73.9,0.049,1.3673,0.1532,0.1288
520,my-windows-pc,2026-05-09 20:23:15.105505+05:30,7.9,73.4,0.0249,0.3555,0.2336,0.014
521,my-windows-pc,2026-05-09 20:23:45.226962+05:30,13.3,73.9,0.013,0.0154,0.3054,0.1462
522,my-windows-pc,2026-05-09 20:24:15.349904+05:30,10.5,73.3,0.3321,0.3486,0.2207,0.0292
523,my-windows-pc,2026-05-09 20:24:45.471374+05:30,14.8,74.8,0.0887,0.0402,2.9717,0.509
524,my-windows-pc,2026-05-09 20:25:15.603916+05:30,7.7,74.6,0.1514,0.029,0.0154,0.0099
525,my-windows-pc,2026-05-09 20:25:45.733147+05:30,14.4,75.5,0.0777,0.0283,0.5908,0.286
526,my-windows-pc,2026-05-09 20:26:15.856297+05:30,8.2,75.1,0.1315,0.4036,0.5658,0.1766
527,my-windows-pc,2026-05-09 20:26:46.063822+05:30,14.3,77,1.0088,0.3777,0.9999,0.6253
528,my-windows-pc,2026-05-09 20:27:16.301064+05:30,25,78.6,1.4562,0.1244,14.6149,1.6573
529,my-windows-pc,2026-05-09 20:27:46.636836+05:30,42.9,90.1,9.3464,2.787,16.9597,3.3135
530,my-windows-pc,2026-05-09 20:28:19.065836+05:30,67.9,78.8,10.9912,17.0735,1.2163,0.7385
531,my-windows-pc,2026-05-09 20:28:49.298135+05:30,22.2,80.7,2.435,0.0388,0.2156,0.122
532,my-windows-pc,2026-05-09 20:29:19.434576+05:30,40.6,85.6,4.0477,3.0124,3.9557,1.0202
533,my-windows-pc,2026-05-09 20:29:50.00627+05:30,10.5,80.8,0.1393,1.8973,3.1274,0.5039
534,my-windows-pc,2026-05-09 20:30:20.130909+05:30,12.9,79.1,0.278,1.7393,0.0721,0.0549
535,my-windows-pc,2026-05-09 20:30:50.266141+05:30,10.3,78.1,0.064,0.0649,1.6017,0.2786
536,my-windows-pc,2026-05-09 20:31:20.440013+05:30,30.3,79.6,2.1797,0.3751,0.1267,0.0429
537,my-windows-pc,2026-05-09 20:31:50.582555+05:30,8.8,80.8,0.2911,0.0548,0.4329,0.2764
538,my-windows-pc,2026-05-09 20:32:20.720448+05:30,7.8,80.7,0.2842,0.0266,0.0438,0.0335
539,my-windows-pc,2026-05-09 20:32:50.847349+05:30,8.4,80.4,0.0461,0.3597,0.1727,0.1849
540,my-windows-pc,2026-05-09 20:33:20.953525+05:30,10.5,80.5,0.504,0.367,0.0399,0.0249
541,my-windows-pc,2026-05-09 20:33:51.064001+05:30,8.2,80.2,0.0666,0.036,0.0959,0.1555
542,my-windows-pc,2026-05-09 20:34:21.19368+05:30,4.9,80.8,0.0346,0.0193,0.0495,0.0422
543,my-windows-pc,2026-05-09 20:34:51.310091+05:30,9.5,80.3,0.014,0.0284,2.4598,0.3229
544,my-windows-pc,2026-05-09 20:35:21.435469+05:30,6.8,80.3,0.0397,0.0191,0.0283,0.0246
545,my-windows-pc,2026-05-09 20:35:51.558132+05:30,8.5,79.6,0.0376,0.0364,0.7112,0.3508
546,my-windows-pc,2026-05-09 20:36:21.683111+05:30,13.7,81.1,0.0586,0.449,3.8764,0.4135
547,my-windows-pc,2026-05-09 20:36:51.831815+05:30,11.7,80.4,0.1415,0.0426,0.0877,0.1346
548,my-windows-pc,2026-05-09 20:37:21.958741+05:30,36.6,83.7,1.2642,0.6116,3.392,0.6323
549,my-windows-pc,2026-05-09 20:37:52.072297+05:30,15.1,75.6,0.0785,1.429,0.3081,0.2711
550,my-windows-pc,2026-05-09 20:38:22.190247+05:30,17.9,76.7,0.0935,1.7321,0.078,0.0577
551,my-windows-pc,2026-05-09 20:38:52.333538+05:30,19.8,76.6,0.1886,0.03,0.1958,0.2287
552,my-windows-pc,2026-05-09 20:39:22.456152+05:30,13.5,75.1,0.0298,0.0333,0.1924,0.0987
553,my-windows-pc,2026-05-09 20:39:52.575741+05:30,15.4,79.9,1.8074,0.037,3.1389,0.4437
554,my-windows-pc,2026-05-09 20:40:22.701647+05:30,12.7,80.9,0.8517,0.0162,0.8284,1.182
555,my-windows-pc,2026-05-09 20:40:52.837503+05:30,5.7,80.9,0.0534,0.0293,1.6611,0.4947
556,my-windows-pc,2026-05-09 20:41:22.975412+05:30,10.7,81.2,0.0132,0.7022,0.2138,0.0267
557,my-windows-pc,2026-05-09 20:41:53.110071+05:30,7.1,81.1,0.2438,0.0546,0.6415,1.1296
558,my-windows-pc,2026-05-09 20:42:23.237393+05:30,8.6,81.6,0.1462,0.0391,0.1417,0.0219
559,my-windows-pc,2026-05-09 20:42:53.370539+05:30,7.1,79.6,0.0021,0.4907,0.1757,0.1248
560,my-windows-pc,2026-05-09 20:43:23.484797+05:30,8.9,78.2,0.0218,0.02,0.0652,0.0207
561,my-windows-pc,2026-05-09 20:43:53.61393+05:30,4.1,77.4,0.0026,0.0287,0.1081,0.1578
562,my-windows-pc,2026-05-09 20:44:23.777697+05:30,5.5,78.2,0.0227,0.0288,0.5046,0.2127
563,my-windows-pc,2026-05-09 20:44:53.894311+05:30,16.8,80.6,0.2078,0.038,3.9481,0.8881
564,my-windows-pc,2026-05-09 20:45:24.001335+05:30,12.6,79.9,0.0176,0.0537,3.9513,0.4182
565,my-windows-pc,2026-05-09 20:45:54.127184+05:30,22.7,80.7,0.0368,0.1181,1.1876,2.4739
566,my-windows-pc,2026-05-09 20:46:24.253602+05:30,8.8,79.2,0.0223,0.3656,0.6132,0.0433
567,my-windows-pc,2026-05-09 20:46:54.399092+05:30,8.1,78.6,0.0124,0.0264,0.0729,0.1252
568,my-windows-pc,2026-05-09 20:47:24.523508+05:30,7.6,79.8,0.4294,0.1375,0.3736,0.1246
569,my-windows-pc,2026-05-09 20:47:54.642489+05:30,16.3,76.5,0.6992,1.2395,0.755,0.4504
570,my-windows-pc,2026-05-09 20:48:26.587842+05:30,57.4,89.1,10.463,6.1229,28.3874,3.5056
571,my-windows-pc,2026-05-09 20:48:56.806434+05:30,74.1,88.8,3.8055,1.4034,36.0715,5.6355
572,my-windows-pc,2026-05-09 20:49:26.922691+05:30,45.2,88,0.9355,0.1598,3.8014,0.3379
573,my-windows-pc,2026-05-09 20:49:57.03645+05:30,42.6,88.7,2.0361,0.0669,3.9317,0.6273
574,my-windows-pc,2026-05-09 20:50:27.157296+05:30,39.4,86.4,1.4411,1.9185,1.3308,0.3072
575,my-windows-pc,2026-05-09 20:50:57.277505+05:30,31.2,85.5,0.053,0.0225,0.1081,0.1877
576,my-windows-pc,2026-05-09 20:51:27.687358+05:30,35.9,90.9,0.7252,0.3737,3.258,1.0043
577,my-windows-pc,2026-05-09 20:51:57.853931+05:30,45.2,83.4,0.1677,3.688,0.5814,0.2041
578,my-windows-pc,2026-05-09 20:52:27.980353+05:30,47.2,80.2,0.8141,0.0304,0.0689,0.072
579,my-windows-pc,2026-05-09 20:52:58.101264+05:30,16.1,71.5,0.082,1.4328,0.0726,0.1292
580,my-windows-pc,2026-05-09 20:53:28.232799+05:30,22.6,74,0.0791,0.0183,0.0235,0.0241
581,my-windows-pc,2026-05-09 20:53:58.365856+05:30,13.4,74,3.9747,0.0476,0.1236,0.1682
582,my-windows-pc,2026-05-09 20:54:28.473317+05:30,13.1,76.7,0.1267,0.0876,3.9005,0.4655
583,my-windows-pc,2026-05-09 20:54:58.595605+05:30,13.2,75.5,0.152,0.1022,2.7825,0.3205
584,my-windows-pc,2026-05-09 20:55:28.723714+05:30,10.9,74.2,0.1511,0.3659,0.6221,0.323
585,my-windows-pc,2026-05-09 20:55:58.851608+05:30,19.5,76.5,0.5932,0.0335,0.4941,0.3399
586,my-windows-pc,2026-05-09 20:56:28.963428+05:30,22.4,75.7,1.1334,0.3828,0.6088,0.1217
587,my-windows-pc,2026-05-09 20:56:59.082303+05:30,15.6,76.6,1.9968,0.0311,0.0917,0.1397
588,my-windows-pc,2026-05-09 20:57:29.21214+05:30,51.3,82.4,3.5994,0.515,6.0348,0.865
589,my-windows-pc,2026-05-09 20:57:59.339993+05:30,73.1,81.6,0.4505,0.3754,0.1128,0.1568
590,my-windows-pc,2026-05-09 20:58:29.508929+05:30,70.3,82.7,0.9478,3.3759,5.4639,0.8661
591,my-windows-pc,2026-05-09 20:58:59.658639+05:30,78.7,83.1,0.2517,0.041,0.4962,0.272
592,my-windows-pc,2026-05-09 20:59:29.801772+05:30,77.9,85,2.7996,0.3818,3.4763,1.3266
593,my-windows-pc,2026-05-09 20:59:59.937707+05:30,75.5,84.5,0.1557,0.0753,2.8364,0.3911
594,my-windows-pc,2026-05-09 21:00:30.466871+05:30,95.9,91.5,7.8053,0.2913,8.9483,2.2797
595,my-windows-pc,2026-05-09 21:01:00.999267+05:30,87.7,92.3,16.4562,0.7465,1.636,0.9826
596,my-windows-pc,2026-05-09 21:01:31.220556+05:30,82.1,82.2,12.3576,3.4157,1.6724,0.1617
597,my-windows-pc,2026-05-09 21:02:01.543773+05:30,77.1,84.7,4.0916,0.07,0.1127,0.1648
598,my-windows-pc,2026-05-09 21:02:31.775291+05:30,57.6,85.2,15.9481,5.8764,2.5014,2.6048
599,my-windows-pc,2026-05-09 21:03:01.952182+05:30,52.5,81.9,1.0604,2.1889,0.3461,0.2633
600,my-windows-pc,2026-05-09 21:03:32.111809+05:30,61,82.1,1.4044,0.1156,0.7297,1.5513
601,my-windows-pc,2026-05-09 21:04:02.233219+05:30,31.9,82.5,0.947,0.3809,0.4649,0.4023
602,my-windows-pc,2026-05-09 21:04:32.492723+05:30,59.7,81.8,0.2791,1.9749,0.4839,0.4529
603,my-windows-pc,2026-05-09 21:05:03.195786+05:30,74.8,82.8,1.1289,0.0548,2.76,0.3297
604,my-windows-pc,2026-05-09 21:05:35.04028+05:30,91,90,15.1218,0.6237,4.3325,7.484
605,my-windows-pc,2026-05-09 21:06:05.682869+05:30,97.3,90.2,9.037,5.6134,6.3704,18.3993
606,my-windows-pc,2026-05-09 21:06:35.917387+05:30,94.4,91,3.3788,0.7608,9.2749,17.5936
607,my-windows-pc,2026-05-09 21:07:06.353916+05:30,87,89.5,10.2862,2.9992,8.579,11.7668
608,my-windows-pc,2026-05-09 21:07:36.797692+05:30,81.3,89.7,7.7912,0.7554,5.4601,14.0005
609,my-windows-pc,2026-05-09 21:08:06.953852+05:30,72.8,82.1,0.4374,7.0965,1.901,2.3462
610,my-windows-pc,2026-05-09 21:08:37.624851+05:30,67.6,91.2,11.5617,2.4579,8.7165,14.8246
611,my-windows-pc,2026-05-09 21:09:13.909055+05:30,55.5,85.6,11.5828,6.6307,13.0706,5.412
612,my-windows-pc,2026-05-09 21:09:44.106602+05:30,52.2,87.3,5.26,2.3642,105.9199,11.4804
613,my-windows-pc,2026-05-09 21:10:15.760255+05:30,31.3,87.6,0.9298,0.0428,30.5847,1.0563
614,my-windows-pc,2026-05-09 21:10:46.3041+05:30,73.1,88.4,9.0168,2.1182,695.682,8.0702
615,my-windows-pc,2026-05-09 21:11:16.531637+05:30,44.4,87.1,4.6634,0.0476,500.8336,5.3313
616,my-windows-pc,2026-05-09 21:11:46.699628+05:30,41,87.5,0.7585,0.3584,218.0935,3.1939
617,my-windows-pc,2026-05-09 21:12:16.845848+05:30,39.8,85.3,4.2528,1.3443,202.679,2.7979
618,my-windows-pc,2026-05-09 21:12:46.991225+05:30,39.9,83.1,2.1175,2.4535,305.1637,4.3579
619,my-windows-pc,2026-05-09 21:13:17.133929+05:30,64,88.1,1.421,1.1934,140.029,3.0152
620,my-windows-pc,2026-05-09 21:13:47.282219+05:30,60.8,87.2,0.9337,0.4326,300.794,4.9172
621,my-windows-pc,2026-05-09 21:14:17.569098+05:30,47.7,84.4,3.1694,0.0558,425.471,5.7971
622,my-windows-pc,2026-05-09 21:14:47.770306+05:30,53.8,85.5,1.2925,1.3073,525.5408,7.3209
623,my-windows-pc,2026-05-09 21:15:17.927017+05:30,46,85.6,0.2509,0.0552,480.3672,6.5858
624,my-windows-pc,2026-05-09 21:15:48.091368+05:30,36.9,85.6,0.5239,0.0596,345.7739,5.5203
625,my-windows-pc,2026-05-09 21:16:18.336438+05:30,63.2,88.4,0.5286,0.0349,408.9716,5.0975
626,my-windows-pc,2026-05-09 21:16:48.584799+05:30,62,89.1,0.7965,0.3629,115.3522,2.364
627,my-windows-pc,2026-05-09 21:17:18.825924+05:30,57.8,90.7,0.7156,0.043,92.9445,1.8098
628,my-windows-pc,2026-05-09 21:17:49.144495+05:30,59,82,2.2767,6.4644,480.137,5.8523
629,my-windows-pc,2026-05-09 21:18:19.340816+05:30,49.8,81.1,0.5207,0.0495,418.2139,5.1671
630,my-windows-pc,2026-05-09 21:18:49.942448+05:30,57.8,82.1,0.3454,0.1189,456.9875,6.7961
631,my-windows-pc,2026-05-09 21:19:20.191153+05:30,51.9,84.6,3.5695,1.0545,257.5514,5.1765
632,my-windows-pc,2026-05-09 21:19:50.423501+05:30,49.4,85.8,2.6122,1.0087,644.2829,11.1284
633,my-windows-pc,2026-05-09 21:20:20.655522+05:30,39.5,85.1,2.138,0.8064,548.5806,10.3947
634,my-windows-pc,2026-05-09 21:20:50.81497+05:30,64,88.9,6.1978,0.6723,637.5925,10.3152
635,my-windows-pc,2026-05-09 21:21:20.998122+05:30,54.8,89.7,0.2292,0.8541,561.6306,9.969
636,my-windows-pc,2026-05-09 21:21:51.284898+05:30,75.2,86,4.992,7.9342,500.5526,7.8338
637,my-windows-pc,2026-05-09 21:22:21.668385+05:30,40.8,86,1.3823,2.4996,610.6325,10.6982
638,my-windows-pc,2026-05-09 21:22:51.823561+05:30,48.6,78.5,0.312,5.4298,554.3359,9.5712
639,my-windows-pc,2026-05-09 21:23:21.97483+05:30,40.7,78.6,1.879,0.9675,530.7065,9.3823
640,my-windows-pc,2026-05-09 21:23:52.165878+05:30,43.6,78.1,0.4032,1.172,715.3245,13.4378
641,my-windows-pc,2026-05-09 21:24:22.323139+05:30,41.4,79,0.2188,0.8731,564.1557,9.9611
642,my-windows-pc,2026-05-09 21:24:52.472871+05:30,39.3,79.2,0.3514,1.0323,574.2797,9.9065
643,my-windows-pc,2026-05-09 21:25:22.633683+05:30,47.1,80.8,1.6313,1.2392,664.5132,10.9166
644,my-windows-pc,2026-05-09 21:25:52.791182+05:30,37.9,80.6,0.1355,0.883,581.8318,9.5825
645,my-windows-pc,2026-05-09 21:26:22.941747+05:30,42.2,81.2,0.4779,0.8433,522.8219,8.8334
646,my-windows-pc,2026-05-09 21:26:53.135601+05:30,38,81.8,0.6595,1.3192,713.3591,12.1883
647,my-windows-pc,2026-05-09 21:27:23.297227+05:30,43.9,82.4,1.3347,1.1004,558.4993,9.3183
648,my-windows-pc,2026-05-09 21:27:53.590264+05:30,88.6,82.3,14.4225,11.4261,241.7189,3.8563
649,my-windows-pc,2026-05-09 21:28:23.929183+05:30,86.4,86.1,6.1197,1.5196,231.7663,2.8936
650,my-windows-pc,2026-05-09 21:28:54.145922+05:30,54.5,86,23.2722,0.3429,103.8778,2.1629
651,my-windows-pc,2026-05-09 21:29:25.567337+05:30,69.2,89.6,8.7167,1.0957,139.1407,2.1077
652,my-windows-pc,2026-05-09 21:29:56.156309+05:30,99.9,91.9,6.4815,4.4725,409.7821,5.8689
653,my-windows-pc,2026-05-09 21:30:26.445238+05:30,50.6,79.8,1.7512,7.626,411.9795,4.5372
654,my-windows-pc,2026-05-09 21:30:56.649435+05:30,49.2,81.3,0.6244,0.0396,285.4607,3.9068
655,my-windows-pc,2026-05-09 21:31:26.831459+05:30,40.1,83,3.7943,0.0962,180.8485,2.8272
656,my-windows-pc,2026-05-09 21:31:57.004259+05:30,37.5,81.6,1.57,0.4522,353.4249,4.2452
657,my-windows-pc,2026-05-09 21:32:27.176128+05:30,42.2,86.7,3.9291,0.0295,196.7351,2.3355
658,my-windows-pc,2026-05-09 21:32:57.344714+05:30,32.9,86.6,0.0909,0.3921,145.6417,2.1411
659,my-windows-pc,2026-05-09 21:33:27.527737+05:30,27.2,85.2,0.1084,0.0221,214.4799,2.878
660,my-windows-pc,2026-05-09 21:33:57.691059+05:30,33.5,84.8,0.1787,0.0305,319.0784,4.0182
661,my-windows-pc,2026-05-09 21:34:27.856426+05:30,38.7,86.2,2.6045,0.0402,135.9093,1.5811
662,my-windows-pc,2026-05-09 21:34:58.18326+05:30,48.8,90.7,3.693,0.0459,395.5753,5.5613
663,my-windows-pc,2026-05-09 21:35:28.87867+05:30,99.2,90.3,5.8464,3.5549,89.8344,1.556
664,my-windows-pc,2026-05-09 21:35:59.151418+05:30,46.9,86.8,1.3645,0.0569,133.2923,1.6989
665,my-windows-pc,2026-05-09 21:36:32.096849+05:30,53.8,88.5,5.2671,2.1752,157.5219,2.7327
666,my-windows-pc,2026-05-09 21:37:02.279898+05:30,56.9,83.4,1.4718,5.1185,420.0787,5.3442
667,my-windows-pc,2026-05-09 21:37:32.457794+05:30,49.5,83.8,0.8527,1.2148,96.6619,1.9818
668,my-windows-pc,2026-05-09 21:38:02.644369+05:30,36.3,76.8,0.3805,3.5183,343.9421,4.6198
669,my-windows-pc,2026-05-09 21:38:32.843011+05:30,43.2,80.3,0.4554,0.0357,316.2579,3.8723
670,my-windows-pc,2026-05-09 21:39:03.096524+05:30,53.5,81.4,0.487,0.0385,269.2071,4.1109
671,my-windows-pc,2026-05-09 21:39:33.370412+05:30,54.2,82.4,0.8594,0.0415,477.1846,5.929
672,my-windows-pc,2026-05-09 21:40:03.545039+05:30,58,80.7,0.203,0.0381,580.8033,8.4064
673,my-windows-pc,2026-05-09 21:40:33.703677+05:30,36,82.6,1.8765,0.0268,235.6409,3.0185
674,my-windows-pc,2026-05-09 21:41:03.852356+05:30,32.9,81.3,0.0683,0.0321,185.8557,2.5562
675,my-windows-pc,2026-05-09 21:41:33.991845+05:30,39.7,81,0.2605,3.3133,258.5412,3.6735
676,my-windows-pc,2026-05-09 21:42:04.134952+05:30,39.5,81,0.5026,0.4165,127.0232,2.06
677,my-windows-pc,2026-05-09 21:42:34.274497+05:30,26.4,81.5,0.071,0.0472,137.415,2.6293
678,my-windows-pc,2026-05-09 21:43:04.412902+05:30,35,77.7,0.2679,0.4148,234.8561,2.8638
679,my-windows-pc,2026-05-09 21:43:34.573479+05:30,26.9,78.2,0.095,0.0358,137.7392,2.1728
680,my-windows-pc,2026-05-09 21:44:04.70941+05:30,33.5,78,0.23,0.0367,148.3953,3.117
681,my-windows-pc,2026-05-09 21:44:34.850241+05:30,30.6,79.1,0.9431,0.0755,101.9083,2.9316
682,my-windows-pc,2026-05-09 21:45:05.047433+05:30,81.4,86.7,5.7449,4.2623,26.8678,4.0929
683,my-windows-pc,2026-05-09 21:45:35.196082+05:30,65.8,79.4,1.2894,2.8842,697.1791,7.7987
684,my-windows-pc,2026-05-09 21:46:05.68538+05:30,71.3,81,0.9389,0.4798,640.4671,8.5338
685,my-windows-pc,2026-05-09 21:46:37.18543+05:30,73,81.5,0.5284,0.0679,820.6949,8.7653
686,my-windows-pc,2026-05-09 21:47:07.649068+05:30,70.8,80.5,1.2761,2.9246,753.0831,8.715
687,my-windows-pc,2026-05-09 21:47:38.03709+05:30,71.1,79.8,0.6304,0.5039,655.3923,7.7356
688,my-windows-pc,2026-05-09 21:48:08.329478+05:30,59.3,76.2,0.0383,1.4438,606.2087,6.5916
689,my-windows-pc,2026-05-09 21:48:38.651448+05:30,76,80.3,1.1109,0.0393,837.7553,9.439
690,my-windows-pc,2026-05-09 21:49:08.99647+05:30,61.7,78.5,0.341,0.0586,926.2487,10.8917
691,my-windows-pc,2026-05-09 21:49:39.253769+05:30,73.1,79.4,2.1277,0.0537,836.5618,9.0263
692,my-windows-pc,2026-05-09 21:50:09.555028+05:30,54.5,80.1,0.6959,0.06,487.1114,6.0822
693,my-windows-pc,2026-05-09 21:50:39.837613+05:30,60.1,81,0.1298,0.0228,847.2837,9.8698
694,my-windows-pc,2026-05-09 21:51:10.185614+05:30,56.8,80.2,0.042,0.0346,722.9318,8.4554
695,my-windows-pc,2026-05-09 21:51:40.590752+05:30,63.3,81.4,0.1005,0.064,818.7548,9.0867
696,my-windows-pc,2026-05-09 21:52:10.894637+05:30,60.4,80.7,0.0571,0.3918,614.1362,6.9789
697,my-windows-pc,2026-05-09 21:52:41.228256+05:30,62,79.7,0.1496,0.1165,859.6447,10.8435
698,my-windows-pc,2026-05-09 21:53:11.80346+05:30,56.8,79.5,0.0367,0.3574,550.8265,6.2486
699,my-windows-pc,2026-05-09 21:53:42.030744+05:30,52.8,80.9,1.2924,0.0268,144.6029,2.4181
700,my-windows-pc,2026-05-09 21:54:12.9303+05:30,99.1,82.5,6.1285,0.5296,703.916,9.409
701,my-windows-pc,2026-05-09 21:54:43.531473+05:30,97.7,89.1,13.2974,1.293,643.8935,9.9143
702,my-windows-pc,2026-05-09 21:55:13.804877+05:30,75.2,82.3,0.2478,2.7606,371.9503,5.9093
703,my-windows-pc,2026-05-09 21:55:44.102364+05:30,50.8,79.7,0.1888,0.0362,143.3141,2.8085
704,my-windows-pc,2026-05-09 21:56:14.412428+05:30,65.6,81,0.4833,1.3043,150.5436,2.0762
705,my-windows-pc,2026-05-09 21:56:45.529948+05:30,93.1,88.9,3.9505,0.4201,752.4851,8.7421
706,my-windows-pc,2026-05-09 21:57:15.83372+05:30,88.2,86.1,2.3076,0.3883,440.7244,5.1114
707,my-windows-pc,2026-05-09 21:57:46.120909+05:30,64.9,85.2,0.6608,0.3906,307.4214,3.5802
708,my-windows-pc,2026-05-09 21:58:16.893872+05:30,62.2,85.2,0.0534,0.0511,261.8142,2.7816
709,my-windows-pc,2026-05-09 21:58:47.153627+05:30,61.1,83.5,0.026,0.0307,454.9138,4.9885
710,my-windows-pc,2026-05-09 21:59:17.438672+05:30,61.2,83.8,0.1817,0.0189,459.8792,5.681
711,my-windows-pc,2026-05-09 21:59:49.920507+05:30,82.1,89.2,1.1037,0.3883,11.8226,1.4519
712,my-windows-pc,2026-05-09 22:00:22.324526+05:30,88.1,90.2,32.8249,0.7477,14.9245,1.4221
713,my-windows-pc,2026-05-09 22:00:53.343463+05:30,98.4,89.5,38.9693,6.4191,5.105,20.7625
714,my-windows-pc,2026-05-09 22:01:33.060266+05:30,93,90.3,11.2477,3.3635,5.5782,18.1849
715,my-windows-pc,2026-05-09 22:02:03.447734+05:30,62.6,90.2,13.6325,5.5982,4.3296,10.3677
716,my-windows-pc,2026-05-09 22:02:37.191062+05:30,94.5,92,7.7669,0.5651,6.0815,18.8005
717,my-windows-pc,2026-05-09 22:03:08.662081+05:30,99.4,89.7,14.7736,5.4628,5.7836,23.0022
718,my-windows-pc,2026-05-09 22:03:38.955692+05:30,71.4,82.2,4.4197,6.9987,5.1831,31.1013
719,my-windows-pc,2026-05-09 22:04:09.106083+05:30,66.4,82.8,3.6083,0.0747,2.6014,18.7092
720,my-windows-pc,2026-05-09 22:04:39.242508+05:30,77,86.9,2.6312,1.2546,1.0382,0.7868
721,my-windows-pc,2026-05-09 22:05:09.475042+05:30,78.6,87.4,2.1372,0.025,3.4123,15.8089
722,my-windows-pc,2026-05-09 22:05:39.636996+05:30,80.1,89.7,1.1012,0.109,5.6769,13.7466
723,my-windows-pc,2026-05-09 22:06:09.812166+05:30,80.3,89.5,0.488,0.0357,0.348,0.2348
724,my-windows-pc,2026-05-09 22:06:40.000067+05:30,86.4,87.9,6.1294,5.3775,1.8534,0.4231
725,my-windows-pc,2026-05-09 22:07:10.21555+05:30,75.7,84.6,1.703,3.6063,0.6352,0.1379
726,my-windows-pc,2026-05-09 22:07:40.336594+05:30,77.2,84.5,4.1095,0.0753,0.6367,0.3665
727,my-windows-pc,2026-05-09 22:08:10.537933+05:30,82.6,88.7,7.3618,0.3721,0.5485,0.1131
728,my-windows-pc,2026-05-09 22:08:40.694559+05:30,81,79,1.8438,5.5498,0.3824,0.3437
729,my-windows-pc,2026-05-09 22:09:10.834246+05:30,76,79.2,3.9749,0.0467,0.0834,0.0269
730,my-windows-pc,2026-05-09 22:09:40.981048+05:30,75.5,79.3,0.1301,0.0627,0.3988,0.2536
731,my-windows-pc,2026-05-09 22:10:11.132322+05:30,75.3,79.5,0.3362,0.0371,2.8414,0.294
732,my-windows-pc,2026-05-09 22:10:41.264145+05:30,74.6,79.5,0.1366,0.0199,0.1988,0.2062
733,my-windows-pc,2026-05-09 22:11:11.442739+05:30,73.3,79.4,19.6347,0.0268,0.3468,0.2225
734,my-windows-pc,2026-05-09 22:11:41.675249+05:30,74.1,79.5,0.7832,0.0277,0.1086,0.1419
735,my-windows-pc,2026-05-09 22:12:11.8297+05:30,75.5,82.5,4.5735,0.3866,1.3436,0.203
736,my-windows-pc,2026-05-09 22:12:41.983845+05:30,73.4,82.3,0.3267,0.0228,0.0988,0.15
737,my-windows-pc,2026-05-09 22:13:12.13008+05:30,73.1,82.3,0.6558,0.36,0.2089,0.161
738,my-windows-pc,2026-05-09 22:13:42.279527+05:30,51.1,81.9,2.7998,0.0427,0.4022,0.333
739,my-windows-pc,2026-05-09 22:14:12.421727+05:30,9.4,82.4,1.7651,0.0702,0.089,0.043
740,my-windows-pc,2026-05-09 22:14:42.562998+05:30,8.5,84,4.6495,0.2519,1.1521,0.5954
741,my-windows-pc,2026-05-09 22:15:12.713301+05:30,13.4,82.8,4.154,3.5359,4.3389,1.1313
742,my-windows-pc,2026-05-09 22:15:42.853129+05:30,6.4,84.3,1.4055,0.0334,1.0892,1.284
743,my-windows-pc,2026-05-09 22:16:13.000281+05:30,10.7,83.4,1.8655,0.0487,0.1374,0.6145
744,my-windows-pc,2026-05-09 22:16:43.139283+05:30,7.5,85.9,2.216,0.0329,0.9527,0.8075
745,my-windows-pc,2026-05-09 22:17:13.326635+05:30,17.5,85.7,1.6192,0.3966,0.5686,0.1709
746,my-windows-pc,2026-05-09 22:17:43.489348+05:30,10.3,86.9,2.711,0.6998,72.0544,1.4993
747,my-windows-pc,2026-05-09 22:18:13.640287+05:30,11.6,86.2,0.6573,0.4685,0.0782,0.0527
748,my-windows-pc,2026-05-09 22:18:43.781541+05:30,4.2,87,0.3508,0.0326,0.0974,0.1379
749,my-windows-pc,2026-05-09 22:19:14.00811+05:30,38.4,90.5,46.4037,0.9049,3.0683,1.3975
750,my-windows-pc,2026-05-09 22:19:44.271064+05:30,43.6,83.3,38.6204,6.0375,96.8936,5.2486
751,my-windows-pc,2026-05-09 22:20:14.478568+05:30,9.3,82.6,1.3404,0.1236,5.3384,1.529
752,my-windows-pc,2026-05-09 22:20:44.63192+05:30,9.7,81,0.1548,0.0291,0.763,0.3212
753,my-windows-pc,2026-05-09 22:21:14.778717+05:30,10.7,81.6,1.5447,0.0683,0.0695,0.0516
754,my-windows-pc,2026-05-09 22:21:44.915974+05:30,9.4,82,0.1118,0.0619,0.1788,0.1921
755,my-windows-pc,2026-05-09 22:22:15.068882+05:30,5.8,81.6,0.376,0.0553,1.7024,0.912
756,my-windows-pc,2026-05-09 22:22:45.237161+05:30,10,82.3,0.11,0.3659,0.0953,0.134
757,my-windows-pc,2026-05-09 22:23:15.389732+05:30,4.2,80.9,0.0667,0.3455,0.0423,0.0284
758,my-windows-pc,2026-05-09 22:23:45.63538+05:30,11.9,78.9,0.0458,0.012,0.1123,0.146
759,my-windows-pc,2026-05-09 22:24:15.785917+05:30,13.9,80,0.5943,0.1269,3.8938,0.4406
760,my-windows-pc,2026-05-09 22:24:45.969196+05:30,6.2,79.4,0.1782,0.0216,0.1311,0.1443
761,my-windows-pc,2026-05-09 22:25:16.118344+05:30,8.9,80.2,1.7602,0.0129,2.451,0.2323
762,my-windows-pc,2026-05-09 22:25:46.25912+05:30,5,80.6,0.0364,0.022,0.13,0.1416
763,my-windows-pc,2026-05-09 22:26:16.397099+05:30,15.9,80.8,1.8291,0.3043,0.8256,0.3461
764,my-windows-pc,2026-05-09 22:26:46.560783+05:30,4.6,81,0.046,0.0254,0.1402,0.1434
765,my-windows-pc,2026-05-09 22:27:16.679602+05:30,9.7,81.1,0.129,0.0488,0.5074,0.1545
766,my-windows-pc,2026-05-09 22:27:46.809383+05:30,7,81.4,0.4547,0.6957,0.7698,0.3221
767,my-windows-pc,2026-05-09 22:28:16.947157+05:30,9.3,81.1,0.0597,0.0528,0.0781,0.0483
768,my-windows-pc,2026-05-09 22:28:47.079021+05:30,4.1,81,0.0101,0.0123,0.1021,0.1411
769,my-windows-pc,2026-05-09 22:29:17.208921+05:30,9.1,80.6,0.0349,0.0318,0.1648,0.0191
770,my-windows-pc,2026-05-09 22:29:47.357863+05:30,8.9,81,0.4952,0.4283,0.5387,0.2912
771,my-windows-pc,2026-05-09 22:30:17.50368+05:30,8.7,80.8,0.0322,0.0232,2.4626,0.2591
772,my-windows-pc,2026-05-09 22:30:47.649108+05:30,4.6,81,0.0354,0.0135,0.0868,0.123
773,my-windows-pc,2026-05-09 22:31:17.786573+05:30,4.4,80.8,0.2998,0.0189,0.0448,0.0426
774,my-windows-pc,2026-05-09 22:31:47.93008+05:30,10.2,80.6,0.0443,0.2995,0.1288,0.1603
775,my-windows-pc,2026-05-09 22:32:18.075151+05:30,4.9,81,0.6967,0.0363,1.3342,0.1877
776,my-windows-pc,2026-05-09 22:32:48.221168+05:30,10.2,81.7,0.0276,0.6889,0.0722,0.1439
777,my-windows-pc,2026-05-09 22:33:18.358779+05:30,12.6,81.4,0.0834,0.0785,3.7872,0.4259
778,my-windows-pc,2026-05-09 22:33:48.505782+05:30,47.3,90.1,12.2535,3.8744,0,0
779,my-windows-pc,2026-05-09 22:42:50.259582+05:30,96.8,93.2,0.9697,0.1092,9869.6926,231.1093
780,my-windows-pc,2026-05-09 22:43:23.833781+05:30,97.8,89.5,10.8637,6.7453,17.0655,3.4252
781,my-windows-pc,2026-05-09 22:43:54.600834+05:30,74.6,91.2,16.5028,3.7571,1.5774,1.1453
782,my-windows-pc,2026-05-09 22:44:26.31477+05:30,96.5,93.8,17.6106,0.7988,7.5466,14.3509
783,my-windows-pc,2026-05-09 22:44:57.146205+05:30,96,92.8,18.4301,1.8753,3.8217,5.7667
784,my-windows-pc,2026-05-09 22:45:27.381491+05:30,87,91.2,5.5727,4.3726,2.031,1.2952
785,my-windows-pc,2026-05-09 22:45:57.894012+05:30,95.5,93.4,18.7455,1.6804,0.7775,0.5686
786,my-windows-pc,2026-05-09 22:46:28.273541+05:30,97.3,93.6,10.4455,1.4242,0.5568,0.9037
787,my-windows-pc,2026-05-09 22:46:58.446355+05:30,95.8,91.1,8.9499,4.9135,0.4942,6.6825
788,my-windows-pc,2026-05-09 22:47:28.614456+05:30,86,91.3,1.9092,0.0255,2.7424,0.2512
789,my-windows-pc,2026-05-09 22:47:58.880784+05:30,89,87.9,6.8206,4.4311,3.3984,1.1294
790,my-windows-pc,2026-05-09 22:48:29.036788+05:30,90.9,88.2,1.0782,0.0342,0.0261,0.0179
791,my-windows-pc,2026-05-09 22:49:00.055498+05:30,83.4,88.4,0.2947,0.0654,0.2463,0.1628
792,my-windows-pc,2026-05-09 22:49:30.200735+05:30,81.3,90,3.4293,0.2457,5.8187,1.0123
793,my-windows-pc,2026-05-09 22:50:00.329996+05:30,63.1,89.6,0.8795,0.1059,0.1695,0.2968
794,my-windows-pc,2026-05-09 22:50:30.478545+05:30,81.8,90.8,0.9137,0.1217,6.0526,0.6878
795,my-windows-pc,2026-05-09 22:51:00.616133+05:30,64.5,81.9,4.7337,5.5984,5.3618,0.2784
796,my-windows-pc,2026-05-09 22:51:30.827563+05:30,57.3,86.2,3.6705,3.2456,5.67,1.1269
797,my-windows-pc,2026-05-09 22:52:01.455738+05:30,84.4,84.9,4.5757,0.0674,0.4299,0.362
798,my-windows-pc,2026-05-09 22:52:31.62075+05:30,61.8,83,7.9413,3.6317,3.0621,0.3501
799,my-windows-pc,2026-05-09 22:53:01.755394+05:30,50.1,86.2,1.8206,0.7223,0.6966,0.4748
800,my-windows-pc,2026-05-09 22:53:31.880061+05:30,51.1,87.7,0.958,0.3949,0.1349,0.1836
801,my-windows-pc,2026-05-09 22:54:02.145142+05:30,79.2,91.7,16.1086,1.8897,2.2329,0.9851
802,my-windows-pc,2026-05-09 22:54:33.59748+05:30,36,84.2,1.8862,5.7326,0.5595,0.8497
803,my-windows-pc,2026-05-09 22:55:03.724604+05:30,39.7,83.6,1.0531,0.403,0.0609,0.0613
804,my-windows-pc,2026-05-09 22:55:33.863945+05:30,73.3,87.7,4.728,0.532,0.1181,0.4161
805,my-windows-pc,2026-05-09 22:56:04.0046+05:30,73.7,88.9,0.944,0.9195,0.0591,0.2901
806,my-windows-pc,2026-05-09 22:56:34.884556+05:30,70,90.1,1.2484,0.6105,1.3066,1.4422
807,my-windows-pc,2026-05-09 22:57:05.864048+05:30,92.2,87.7,3.1186,5.8462,5.0826,9.473
808,my-windows-pc,2026-05-09 22:57:36.261624+05:30,96.3,89,8.6653,0.3404,8.3949,0.9324
809,my-windows-pc,2026-05-09 22:58:06.873659+05:30,91.2,88.3,2.1774,0.7291,4.9625,0.8437
810,my-windows-pc,2026-05-09 22:58:37.009449+05:30,80.9,87.2,1.5403,0.3883,1.2031,0.3907
811,my-windows-pc,2026-05-09 22:59:07.362265+05:30,93,92.3,1.5762,0.2498,5.4696,0.7211
812,my-windows-pc,2026-05-09 22:59:37.786212+05:30,90.8,91.9,0.7661,0.0595,1.4789,0.8161
813,my-windows-pc,2026-05-09 23:00:08.01679+05:30,97.2,90.6,30.7133,4.7995,1.4944,1.2501
814,my-windows-pc,2026-05-09 23:00:38.404544+05:30,99.3,92,39.4976,6.3622,0.4123,0.5125
815,my-windows-pc,2026-05-09 23:01:17.72833+05:30,87.4,89.9,23.3547,3.8565,0.325,0.4687
816,my-windows-pc,2026-05-09 23:01:49.289248+05:30,94.2,91.3,19.551,3.8421,0.3948,0.5027
817,my-windows-pc,2026-05-09 23:02:21.572569+05:30,100,91.1,25.4296,6.18,3.7714,15.0242
818,my-windows-pc,2026-05-09 23:02:52.621173+05:30,100,90.5,24.9696,5.724,7.1832,23.1577
819,my-windows-pc,2026-05-09 23:03:23.262347+05:30,98.9,92.6,17.5178,2.939,5.4766,28.1779
820,my-windows-pc,2026-05-09 23:03:53.868278+05:30,99.9,93.1,15.3591,3.7308,4.9596,30.3941
821,my-windows-pc,2026-05-09 23:04:24.148719+05:30,89.1,88.2,17.492,7.0994,6.8917,7.6563
822,my-windows-pc,2026-05-09 23:04:55.485435+05:30,99.5,91.4,17.3401,4.6759,5.2057,24.4383
823,my-windows-pc,2026-05-09 23:05:26.375016+05:30,99.2,90.2,11.5432,6.5697,5.9233,16.9808
824,my-windows-pc,2026-05-09 23:05:56.645874+05:30,100,91.7,18.4699,5.1478,6.7248,51.8208
825,my-windows-pc,2026-05-09 23:06:26.888117+05:30,93,88.5,13.5911,4.4812,0.8778,0.9087
826,my-windows-pc,2026-05-09 23:06:57.550417+05:30,84.6,89.4,13.0041,2.7814,1.3942,5.2595
827,my-windows-pc,2026-05-09 23:07:27.933535+05:30,49.2,83.4,6.3677,6.3172,0.0563,0.0696
828,my-windows-pc,2026-05-09 23:07:58.255732+05:30,92.9,90.8,14.3787,2.1725,7.3847,8.3963
829,my-windows-pc,2026-05-09 23:08:29.403136+05:30,88,88,12.3658,6.0823,3.4226,6.5592
830,my-windows-pc,2026-05-09 23:09:03.000572+05:30,97.8,91,8.8536,1.2529,5.1116,0.3143
831,my-windows-pc,2026-05-09 23:09:33.184427+05:30,85.2,86.1,5.6673,4.1095,0.2137,0.3682
832,my-windows-pc,2026-05-09 23:10:03.339981+05:30,84.2,84.2,1.166,0.0409,0.0212,0.0159
833,my-windows-pc,2026-05-09 23:10:33.509369+05:30,52.7,87,2.9629,1.873,0.4088,0.4932
834,my-windows-pc,2026-05-09 23:11:03.894451+05:30,89.7,88.5,2.0101,0.3829,0.0449,0.0341
835,my-windows-pc,2026-05-09 23:11:35.337631+05:30,95.2,91.4,15.1306,1.9845,77.816,7.7056
836,my-windows-pc,2026-05-09 23:12:06.465016+05:30,100,93.3,11.2219,1.5177,41.2626,2.2458
837,my-windows-pc,2026-05-09 23:12:36.81686+05:30,100,89.6,15.5727,6.3616,3.4154,1.2139
838,my-windows-pc,2026-05-09 23:13:07.027016+05:30,88.2,90.6,10.2734,4.2735,4.0173,2.1912
839,my-windows-pc,2026-05-09 23:13:38.720152+05:30,92.1,92.5,7.3973,1.5784,0.6798,0.4272
840,my-windows-pc,2026-05-09 23:14:09.854905+05:30,98.5,93.2,3.9429,0.5551,0.0466,0.0307
841,my-windows-pc,2026-05-09 23:14:40.372477+05:30,85.8,92.7,5.7217,1.5658,2.1273,0.8706
842,my-windows-pc,2026-05-09 23:15:10.65367+05:30,93,91.8,4.7733,2.0926,1.2783,0.8644
843,my-windows-pc,2026-05-09 23:15:40.826589+05:30,94.4,88.8,3.8554,5.0856,1.44,1.1513
844,my-windows-pc,2026-05-09 23:16:10.995665+05:30,92.7,87.9,1.5361,0.5845,0.0416,0.0145
845,my-windows-pc,2026-05-09 23:16:41.131196+05:30,77.6,84.6,0.8697,0.4721,0.1009,0.1535
846,my-windows-pc,2026-05-09 23:17:11.320457+05:30,57,90.3,3.1435,0.0418,0.0922,0.3107
847,my-windows-pc,2026-05-09 23:17:41.625077+05:30,91.8,90.1,1.7738,0.3755,0.7505,0.4149
848,my-windows-pc,2026-05-09 23:18:12.050161+05:30,64.2,79.9,1.8429,3.3821,4.0948,0.9299
849,my-windows-pc,2026-05-09 23:18:44.467367+05:30,97.3,91.2,3.8811,1.5738,10.5533,1.6425
850,my-windows-pc,2026-05-09 23:19:15.372882+05:30,100,93.3,14.2108,1.0957,6.038,0.8084
851,my-windows-pc,2026-05-09 23:19:45.832118+05:30,100,90.4,23.1251,4.4181,2.1045,0.6841
852,my-windows-pc,2026-05-09 23:20:18.214308+05:30,100,86.4,15.9572,2.1762,1.9282,0.4926
853,my-windows-pc,2026-05-09 23:20:48.403919+05:30,69.5,83.3,8.0497,0.6095,3.2432,1.7537
854,my-windows-pc,2026-05-09 23:21:18.824361+05:30,75.8,85.5,3.8968,3.2874,0.6851,0.5596
855,my-windows-pc,2026-05-09 23:21:48.999917+05:30,83.5,81.7,1.7378,0.399,0.4902,0.4457
